repID,score_H0,score_H1,T,n_sites,T_per_site,score_truetree,num_hybrid_H1,gamma_1,gamma_2,RF_net0_true,RF_net0_true_noF,RF_net0_true_noG,RF_net0_true_noH,RF_net0_alter1,RF_net0_alter2,RF_net0_alter3,RF_net1_1_true,RF_net1_1_true_noF,RF_net1_1_true_noG,RF_net1_1_true_noH,RF_net1_1_alter1,RF_net1_1_alter2,RF_net1_1_alter3,RF_net1_2_true,RF_net1_2_true_noF,RF_net1_2_true_noG,RF_net1_2_true_noH,RF_net1_2_alter1,RF_net1_2_alter2,RF_net1_2_alter3,hybrid_taxon,major_donor,minor_donor,n_runs_H0,n_runs_at_best_H0,n_runs_true_H0,gap_best_true_H0,rank_best_true_H0,pct_runs_better_than_truetree_H0,n_runs_H1,n_runs_at_best_H1,n_runs_true_H1,gap_best_true_H1,rank_best_true_H1,pct_runs_better_than_truetree_H1
001,5.132034819533588e7,5.129519814291805e7,25150.052417829633,1000000,0.02515005241782963,5.1322531186747685e7,1,0.806,0.194,2,0,2,2,0,2,4,2,0,2,2,0,2,4,6,4,2,4,4,6,6,G,H,"D,E",100,100,0,NaN,NaN,100.0,100,1,3,16040.243224970996,3.0,8.0
002,5.077196911333511e7,5.0734402650724046e7,37566.462611064315,1000000,0.03756646261106431,5.077399874720022e7,1,0.893,0.107,2,0,2,2,0,2,4,2,0,2,2,0,2,4,6,4,4,4,4,6,6,"B,C,F","D,E",G,100,62,25,2029.633865095675,63.0,62.0,100,1,0,NaN,NaN,4.0
003,5.100194981775135e7,5.0937873534509875e7,64076.28324147314,1000000,0.06407628324147314,5.1001949817751415e7,1,0.598,0.402,0,0,0,0,2,2,2,2,0,2,2,2,0,4,2,0,2,2,2,0,4,"D,E,F","B,C","B,C",100,100,100,0.0,1.0,0.0,100,1,2,38605.211586520076,4.0,7.0
004,5.108806410171992e7,5.1022735213364035e7,65328.888355888426,1000000,0.06532888835588843,5.1092639683193564e7,1,0.592,0.408,2,0,2,2,0,2,4,4,2,4,4,2,4,4,2,0,2,2,0,2,4,"B,C,F","D,E,G,H","D,E",100,98,0,NaN,NaN,98.0,100,1,3,36041.11018215865,5.0,11.0
005,5.063934294782061e7,5.056878394407915e7,70559.00374145806,1000000,0.07055900374145806,5.063984402202412e7,1,0.581,0.419,2,0,2,2,0,2,4,4,2,4,4,4,2,4,2,0,2,2,2,0,4,"D,E,F","B,C,G,H","B,C",100,100,0,NaN,NaN,100.0,100,1,8,52585.17871046066,5.0,13.0
006,5.103567423748851e7,5.099913727935798e7,36536.95813053101,1000000,0.03653695813053101,5.103567423748857e7,1,0.632,0.368,0,0,0,0,2,2,2,4,2,4,4,2,4,4,2,2,2,2,4,4,4,"D,E","B,C,F,G,H",C,100,100,100,0.0,1.0,0.0,100,1,9,6461.948983609676,2.0,10.0
007,5.105869495865971e7,5.102601576162348e7,32679.197036229074,1000000,0.032679197036229075,5.106169440468275e7,1,0.853,0.147,2,0,2,2,0,2,4,2,0,2,2,0,2,4,8,6,2,6,8,8,8,G,H,B,100,100,0,NaN,NaN,100.0,100,1,4,4356.778715878725,2.0,11.0
008,5.11168194702132e7,5.1079304017117105e7,37515.45309609175,1000000,0.03751545309609175,5.111758072377925e7,1,0.894,0.106,2,0,2,2,0,2,4,2,0,2,2,0,2,4,6,4,4,4,4,6,6,"B,C,F","D,E",G,100,100,0,NaN,NaN,100.0,100,1,1,11150.018711037934,4.0,5.0
009,5.1041637402224116e7,5.101402216384802e7,27615.23837609589,1000000,0.02761523837609589,5.104163740222417e7,1,0.857,0.143,0,0,0,0,2,2,2,2,0,2,2,2,0,4,8,6,2,6,8,6,8,G,H,B,100,99,99,0.0,1.0,0.0,100,1,3,20001.859270229936,2.0,6.0
010,5.109014757643699e7,5.105389766866809e7,36249.90776889771,1000000,0.036249907768897714,5.1094206807940744e7,1,0.799,0.201,2,0,2,2,0,2,4,2,0,2,2,0,2,4,6,4,2,4,6,6,6,G,H,F,100,100,0,NaN,NaN,100.0,100,1,2,36716.75531733781,3.0,4.0
011,5.113370959515462e7,5.10713349991397e7,62374.59601492435,1000000,0.06237459601492435,5.113370959515464e7,1,0.615,0.385,0,0,0,0,2,2,2,4,2,4,4,2,4,4,2,0,2,2,0,2,4,"B,C,F","D,E,G,H","D,E",100,100,100,0.0,1.0,0.0,100,1,2,54735.471715040505,4.0,5.0
012,5.102126018340544e7,5.0955339833559655e7,65920.34984578192,1000000,0.06592034984578192,5.102266035548087e7,1,0.604,0.396,2,0,2,2,0,2,4,4,2,4,4,2,4,4,2,0,2,2,0,2,4,"B,C,F","D,E,G,H","D,E",98,98,0,NaN,NaN,100.0,100,3,1,73921.6254818812,9.0,8.0
013,5.1269013153837495e7,5.1240381723762155e7,28631.430075339973,1000000,0.028631430075339973,5.126901315383753e7,1,0.903,0.097,0,0,0,0,2,2,2,2,0,2,2,0,2,4,6,4,4,4,4,6,6,"B,C,F","D,E",G,100,100,100,0.0,1.0,0.0,100,1,4,928.2410901859403,2.0,8.0
014,5.077942339472645e7,5.07129766493061e7,66446.74542034417,1000000,0.06644674542034418,5.078297223645018e7,1,0.606,0.394,2,0,2,2,0,2,4,4,2,4,4,2,4,4,4,2,4,4,2,4,6,"B,C,F","D,E,G,H",E,100,100,0,NaN,NaN,100.0,100,1,0,NaN,NaN,5.0
015,5.1121112063440435e7,5.1059724615956366e7,61387.44748406857,1000000,0.061387447484068575,5.1121112063440464e7,1,0.603,0.397,0,0,0,0,2,2,2,4,2,4,4,2,4,4,4,2,4,4,2,4,6,"B,C,F","D,E,G,H",E,100,100,100,0.0,1.0,0.0,100,1,7,28501.906093135476,2.0,7.0
016,5.089131170619823e7,5.083037346145917e7,60938.244739063084,1000000,0.060938244739063084,5.0891311706198275e7,1,0.592,0.408,0,0,0,0,2,2,2,2,0,2,2,2,0,4,2,0,2,2,2,0,4,"D,E,F","B,C","B,C",100,100,100,0.0,1.0,0.0,100,1,4,29346.89807893336,4.0,11.0
017,5.1277590460675545e7,5.124623595550691e7,31354.505168631673,1000000,0.031354505168631676,5.127759046067558e7,1,0.788,0.212,0,0,0,0,2,2,2,0,0,0,0,2,2,2,4,2,0,2,6,6,4,G,H,F,100,100,100,0.0,1.0,0.0,100,1,2,0.0,1.0,6.0
018,5.096020410995533e7,5.089400443702361e7,66199.6729317233,1000000,0.0661996729317233,5.096434793984133e7,1,0.598,0.402,2,0,2,2,0,2,4,4,2,4,4,2,4,4,4,2,4,4,2,4,6,"B,C,F","D,E,G,H",D,100,99,0,NaN,NaN,99.0,100,1,3,35978.61022755504,5.0,10.0
019,5.125014029984699e7,5.121697113593779e7,33169.163909204304,1000000,0.033169163909204304,5.125014029984702e7,1,0.831,0.169,0,0,0,0,2,2,2,2,0,2,2,0,2,4,6,4,2,4,6,6,6,G,H,F,100,99,99,0.0,1.0,0.0,100,2,2,2454.4765979126096,3.0,6.0
020,5.078169480167476e7,5.071988612232586e7,61808.679348900914,1000000,0.06180867934890091,5.078169480167479e7,1,0.627,0.373,0,0,0,0,2,2,2,4,2,4,4,2,4,4,2,0,2,2,0,2,4,"B,C,F","D,E,G,H","D,E",100,100,100,0.0,1.0,0.0,100,1,8,31151.84748634696,5.0,17.0
021,5.112452098057889e7,5.107501361320614e7,49507.367372751236,1000000,0.049507367372751236,5.112525012088875e7,1,0.601,0.399,2,0,2,2,0,2,4,2,0,2,2,0,2,4,4,2,4,4,2,4,6,"B,C,F","D,E",D,100,99,0,NaN,NaN,99.0,100,1,1,27653.28369770199,6.0,10.0
022,5.1195222031066716e7,5.113555263786861e7,59669.39319810271,1000000,0.059669393198102716,5.119522203106676e7,1,0.536,0.464,0,0,0,0,2,2,2,2,0,2,2,4,4,2,0,0,0,0,2,2,2,"B,C,D,E","F,G,H",F,100,100,100,0.0,1.0,0.0,100,1,11,0.0,1.0,15.0
023,5.070546028071749e7,5.065770853608773e7,47751.74462976307,1000000,0.04775174462976307,5.070546028071753e7,1,0.602,0.398,0,0,0,0,2,2,2,4,2,4,4,2,4,4,4,2,4,4,2,4,6,"B,C,F","D,E,G,H",E,100,100,100,0.0,1.0,0.0,100,1,4,16504.315021254122,2.0,7.0
024,5.10822870894167e7,5.105253034921743e7,29756.740199267864,1000000,0.029756740199267863,5.10822870894167e7,1,0.822,0.178,0,0,0,0,2,2,2,0,0,0,0,2,2,2,8,6,0,6,8,8,8,G,H,B,100,100,100,0.0,1.0,0.0,100,1,10,0.0,1.0,13.0
025,5.079612990962745e7,5.07374356577945e7,58694.251832954586,1000000,0.05869425183295458,5.079612990962745e7,1,0.568,0.432,0,0,0,0,2,2,2,4,2,4,4,4,2,6,2,0,2,2,2,0,4,"D,E,F",B,"B,C",100,100,100,0.0,1.0,0.0,100,1,6,115.80500013381243,2.0,13.0
026,5.115764834874003e7,5.111955954088824e7,38088.80785178393,1000000,0.03808880785178393,5.115883636019955e7,1,0.893,0.107,2,0,2,2,0,2,4,2,0,2,2,0,2,4,6,4,4,4,4,6,6,"B,C,F","D,E",G,100,99,0,NaN,NaN,99.0,100,1,4,4983.484556645155,2.0,10.0
027,5.122962344690328e7,5.116025097042939e7,69372.47647389024,1000000,0.06937247647389025,5.123432836268193e7,1,0.592,0.408,2,0,2,2,0,2,4,4,2,4,4,2,4,4,2,0,2,2,0,2,4,"B,C,F","D,E,G,H","D,E",100,100,0,NaN,NaN,100.0,100,1,3,40967.394769489765,6.0,12.0
028,5.080588368723664e7,5.074700315707663e7,58880.53016000986,1000000,0.05888053016000986,5.080763863490774e7,1,0.58,0.42,2,0,2,2,0,2,4,4,2,4,4,4,2,6,2,0,2,2,2,0,4,"D,E,F",B,"B,C",100,100,0,NaN,NaN,100.0,100,1,5,10790.704112537205,2.0,11.0
029,5.085342077221298e7,5.080498288522271e7,48437.88699027151,1000000,0.04843788699027151,5.085423708809799e7,1,0.605,0.395,2,0,2,2,0,2,4,4,2,4,4,2,4,6,4,2,4,4,2,4,4,"B,C,F",E,"G,H",100,100,0,NaN,NaN,100.0,100,1,4,17613.938224069774,2.0,11.0
030,5.1246574302510984e7,5.11818544716181e7,64719.83089288324,1000000,0.06471983089288325,5.1248220764199704e7,1,0.595,0.405,2,0,2,2,0,2,4,4,2,4,4,2,4,4,2,0,2,2,0,2,4,"B,C,F","D,E,G,H","D,E",100,99,0,NaN,NaN,99.0,100,2,1,63507.33221000433,8.0,8.0
031,5.1023036631563805e7,5.0977558463060856e7,45478.16850294918,1000000,0.04547816850294918,5.102312465367194e7,1,0.595,0.405,2,0,2,2,0,2,4,4,2,4,4,4,2,6,4,2,4,4,4,2,4,"D,E,F",B,"G,H",100,99,0,NaN,NaN,99.0,100,1,7,17605.352441713214,4.0,10.0
032,5.091581184118757e7,5.087549166819722e7,40320.172990344465,1000000,0.04032017299034447,5.0916365448446095e7,1,0.89,0.11,2,0,2,2,0,2,4,2,0,2,2,0,2,4,6,4,4,4,4,6,6,"B,C,F","D,E",G,100,100,0,NaN,NaN,100.0,100,3,4,5845.838007055223,5.0,15.0
033,5.095939134968879e7,5.092552641197177e7,33864.93771702051,1000000,0.03386493771702051,5.095939134968883e7,1,0.817,0.183,0,0,0,0,2,2,2,0,0,0,0,2,2,2,4,2,0,2,6,6,4,G,H,F,100,99,99,0.0,1.0,0.0,100,1,7,0.0,1.0,9.0
034,5.100170260960764e7,5.0937994468925186e7,63708.14068245143,1000000,0.06370814068245143,5.100216183693241e7,1,0.6,0.4,2,0,2,2,0,2,4,4,2,4,4,2,4,4,2,0,2,2,0,2,4,"B,C,F","D,E,G,H","D,E",100,100,0,NaN,NaN,100.0,100,1,3,46003.58589010686,8.0,11.0
035,5.125786502912148e7,5.122604446282772e7,31820.566293761134,1000000,0.031820566293761135,5.1257865029121526e7,1,0.901,0.099,0,0,0,0,2,2,2,2,0,2,2,0,2,4,6,4,4,4,4,6,6,"B,C,F","D,E",G,100,100,100,0.0,1.0,0.0,100,1,6,1913.8954069539905,2.0,7.0
036,5.104565073306672e7,5.10117569434264e7,33893.78964032233,1000000,0.03389378964032233,5.1045650733066745e7,1,0.736,0.264,0,0,0,0,2,2,2,4,2,4,4,2,4,4,0,0,0,0,2,2,2,"D,E","G,H","B,C",100,100,100,0.0,1.0,0.0,100,2,5,0.0,1.0,5.0
037,5.126057857450711e7,5.118971994974794e7,70858.62475916743,1000000,0.07085862475916743,5.126057857450712e7,1,0.579,0.421,0,0,0,0,2,2,2,4,2,4,4,4,2,6,4,2,4,4,4,2,4,"D,E,F",C,"B,C,G,H",100,98,98,0.0,1.0,0.0,100,2,2,38852.601672425866,5.0,9.0
038,5.1092293558862746e7,5.103970985939572e7,52583.6994670257,1000000,0.0525836994670257,5.110043690837368e7,1,0.602,0.398,2,0,2,2,0,2,4,2,0,2,2,0,2,4,2,0,2,2,0,2,4,"B,C,F","D,E","D,E",100,99,0,NaN,NaN,99.0,100,1,1,33656.797587275505,4.0,7.0
039,5.089694411220761e7,5.086392144363788e7,33022.66856972873,1000000,0.033022668569728734,5.089694411220762e7,1,0.879,0.121,0,0,0,0,2,2,2,0,0,0,0,2,2,2,2,2,0,0,4,4,4,"B,C,D,E,F","G,H",G,100,100,100,0.0,1.0,0.0,100,2,5,0.0,1.0,6.0
040,5.16834091299406e7,5.162922858053523e7,54180.54940536618,1000000,0.05418054940536618,5.168342687785139e7,1,0.585,0.415,2,0,2,2,0,2,4,2,0,2,2,0,2,4,2,0,2,2,0,2,4,"B,C,F","D,E","D,E",100,99,0,NaN,NaN,99.0,100,1,2,41491.6395464465,5.0,12.0
041,5.083099296779448e7,5.0747757262771115e7,83235.70502336323,1000000,0.08323570502336324,5.083146288013821e7,1,0.603,0.397,2,0,2,2,0,2,4,4,2,4,4,4,2,4,2,0,2,2,2,0,4,"D,E,F","B,C,G,H","B,C",100,100,0,NaN,NaN,100.0,100,1,6,38372.97731407732,7.0,17.0
042,5.111571098146343e7,5.10836991382935e7,32011.843169935048,1000000,0.03201184316993505,5.111571098146346e7,1,0.821,0.179,0,0,0,0,2,2,2,0,0,0,0,2,2,2,4,2,0,2,6,6,4,G,H,F,100,100,100,0.0,1.0,0.0,100,2,5,0.0,1.0,8.0
043,5.106624070471125e7,5.1033323917047575e7,32916.787663675845,1000000,0.032916787663675846,5.106654983103772e7,1,0.852,0.148,2,0,2,2,0,2,4,2,0,2,2,0,2,4,8,6,2,6,8,8,8,G,H,C,100,100,0,NaN,NaN,100.0,100,1,5,11399.56748316437,3.0,8.0
044,5.11359905392977e7,5.108056716041952e7,55423.37887817621,1000000,0.055423378878176215,5.113890256832904e7,1,0.581,0.419,2,0,2,2,0,2,4,4,2,4,4,4,2,6,2,0,2,2,2,0,4,"D,E,F",B,"B,C",100,100,0,NaN,NaN,100.0,100,1,3,22964.957923792303,8.0,13.0
045,5.129926548135532e7,5.124980968073541e7,49455.80061990768,1000000,0.049455800619907675,5.13005698638973e7,1,0.602,0.398,2,0,2,2,0,2,4,2,0,2,2,0,2,4,2,0,2,2,0,2,4,"B,C,F","D,E","D,E",100,99,0,NaN,NaN,99.0,100,1,3,20794.435486510396,3.0,10.0
046,5.0751292952731766e7,5.0684172507027395e7,67120.44570437074,1000000,0.06712044570437074,5.075540095081179e7,1,0.596,0.404,2,0,2,2,0,2,4,4,2,4,4,2,4,4,2,0,2,2,0,2,4,"B,C,F","D,E,G,H","D,E",100,100,0,NaN,NaN,100.0,100,1,3,10857.526825129986,3.0,16.0
047,5.083718019763662e7,5.078789481456543e7,49285.38307119161,1000000,0.04928538307119161,5.0837180197636686e7,1,0.602,0.398,0,0,0,0,2,2,2,2,0,2,2,0,2,4,4,2,4,4,2,4,6,"B,C,F","D,E",E,100,74,74,0.0,1.0,0.0,100,1,1,40136.03423817456,7.0,9.0
048,5.088020147266518e7,5.0863290635706976e7,16910.83695820719,1000000,0.01691083695820719,5.088193471722616e7,1,0.622,0.378,2,0,2,2,0,2,4,4,2,4,4,2,4,4,2,2,2,2,4,4,4,"D,E","G,H",B,100,100,0,NaN,NaN,100.0,100,1,1,4329.077949166298,4.0,5.0
049,5.084472198772637e7,5.081177965049075e7,32942.33723561466,1000000,0.032942337235614655,5.084472198772639e7,1,0.818,0.182,0,0,0,0,2,2,2,0,0,0,0,2,2,2,4,2,0,2,6,6,4,G,H,F,100,100,100,0.0,1.0,0.0,100,1,6,0.0,1.0,7.0
050,5.1497153558455825e7,5.1437480872125395e7,59672.68633043021,1000000,0.05967268633043021,5.14971535584559e7,1,0.535,0.465,0,0,0,0,2,2,2,0,0,0,0,2,2,2,2,0,2,2,4,4,2,"B,C,D,E",F,"F,G,H",100,99,99,0.0,1.0,0.0,100,2,7,0.0,1.0,8.0
051,5.109605734209874e7,5.1030355992608e7,65701.3494907394,1000000,0.0657013494907394,5.109605734209877e7,1,0.596,0.404,0,0,0,0,2,2,2,4,2,4,4,2,4,4,2,0,2,2,0,2,4,"B,C,F","D,E,G,H","D,E",100,100,100,0.0,1.0,0.0,100,1,8,34306.84866120666,2.0,11.0
052,5.085576690459461e7,5.0799095073356345e7,56671.831238262355,1000000,0.05667183123826235,5.085576690459465e7,1,0.537,0.463,0,0,0,0,2,2,2,2,0,2,2,4,4,2,0,0,0,0,2,2,2,"B,C,D,E","F,G,H",F,100,100,100,0.0,1.0,0.0,100,1,5,0.0,1.0,6.0
053,5.132637756293533e7,5.129743523012157e7,28942.33281376213,1000000,0.02894233281376213,5.132637756293537e7,1,0.861,0.139,0,0,0,0,2,2,2,0,0,0,0,2,2,2,6,4,0,4,6,6,6,G,H,"B,C",100,99,99,0.0,1.0,0.0,100,2,4,0.0,1.0,6.0
054,5.1034961150841154e7,5.09778551430443e7,57106.00779685378,1000000,0.05710600779685378,5.103496115084121e7,1,0.526,0.474,0,0,0,0,2,2,2,2,0,2,2,4,4,2,0,0,0,0,2,2,2,"B,C,D,E","F,G,H",F,100,100,100,0.0,1.0,0.0,100,1,9,0.0,1.0,14.0
055,5.0766980354133606e7,5.073120955190238e7,35770.80223122239,1000000,0.03577080223122239,5.076792228743617e7,1,0.895,0.105,2,0,2,2,0,2,4,2,0,2,2,0,2,4,6,4,4,4,4,6,6,"B,C,F","D,E",G,100,100,0,NaN,NaN,100.0,100,1,4,20644.60784714669,7.0,16.0
056,5.0719668666085795e7,5.066931642325523e7,50352.24283056706,1000000,0.050352242830567065,5.072163361916302e7,1,0.576,0.424,2,0,2,2,0,2,4,4,2,4,4,2,4,6,4,2,4,4,2,4,4,"B,C,F",E,"G,H",100,99,0,NaN,NaN,99.0,100,1,2,50509.462620534,11.0,11.0
057,5.138664912756624e7,5.135748115259495e7,29167.974971294403,1000000,0.029167974971294402,5.138664912756627e7,1,0.838,0.162,0,0,0,0,2,2,2,0,0,0,0,2,2,2,4,2,0,2,6,6,4,G,H,F,100,99,99,0.0,1.0,0.0,100,1,8,0.0,1.0,7.0
058,5.100398947732296e7,5.094032170382722e7,63667.77349574119,1000000,0.0636677734957412,5.1003989477323e7,1,0.618,0.382,0,0,0,0,2,2,2,4,2,4,4,2,4,4,2,0,2,2,0,2,4,"B,C,F","D,E,G,H","D,E",100,99,99,0.0,1.0,0.0,100,1,4,34122.178486421704,3.0,7.0
059,5.1094377034630276e7,5.1043672947650075e7,50704.086980201304,1000000,0.050704086980201304,5.1095237737213954e7,1,0.595,0.405,2,0,2,2,0,2,4,4,2,4,4,2,4,6,2,0,2,2,0,2,4,"B,C,F",E,"D,E",100,100,0,NaN,NaN,100.0,100,1,2,17410.999564409256,2.0,6.0
060,5.11261290673321e7,5.108927435055782e7,36854.71677427739,1000000,0.03685471677427739,5.112612906733211e7,1,0.896,0.104,0,0,0,0,2,2,2,2,0,2,2,0,2,4,6,4,4,4,4,6,6,"B,C,F","D,E",G,100,100,100,0.0,1.0,0.0,100,1,5,4763.586646549404,2.0,7.0
061,5.0751769367843464e7,5.068501584697025e7,66753.52087321132,1000000,0.06675352087321132,5.075504544893817e7,1,0.587,0.413,2,0,2,2,0,2,4,4,2,4,4,2,4,4,4,2,4,4,2,4,6,"B,C,F","D,E,G,H",E,100,99,0,NaN,NaN,99.0,100,1,2,24555.651821777225,2.0,13.0
062,5.122932838741555e7,5.115608493650481e7,73243.4509107396,1000000,0.0732434509107396,5.122938967761634e7,1,0.587,0.413,2,0,2,2,0,2,4,4,2,4,4,4,2,4,2,0,2,2,2,0,4,"D,E,F","B,C,G,H","B,C",100,100,0,NaN,NaN,100.0,100,1,6,40594.57084993273,4.0,15.0
063,5.0765467440216005e7,5.072784581048712e7,37621.629728883505,1000000,0.037621629728883506,5.0765608411540575e7,1,0.822,0.178,2,0,2,2,0,2,4,2,0,2,2,0,2,4,6,4,2,4,6,6,6,G,H,F,100,100,0,NaN,NaN,100.0,100,1,5,26072.446535259485,3.0,8.0
064,5.148410717509825e7,5.1447376923212156e7,36730.25188609213,1000000,0.03673025188609213,5.148619818249476e7,1,0.894,0.106,2,0,2,2,0,2,4,2,0,2,2,0,2,4,6,4,4,4,4,6,6,"B,C,F","D,E",G,100,52,23,2091.0073963850737,53.0,52.0,100,1,1,8271.459871962667,3.0,11.0
065,5.101367422902602e7,5.094801148724062e7,65662.74178539962,1000000,0.06566274178539962,5.101408064112303e7,1,0.608,0.392,2,0,2,2,0,2,4,4,2,4,4,2,4,4,2,0,2,2,0,2,4,"B,C,F","D,E,G,H","D,E",100,100,0,NaN,NaN,100.0,99,2,3,36821.359095960855,4.0,8.080808080808081
066,5.129031607370846e7,5.125726053606094e7,33055.537647522986,1000000,0.03305553764752298,5.129031607370848e7,1,0.83,0.17,0,0,0,0,2,2,2,0,0,0,0,2,2,2,4,2,0,2,6,6,4,G,H,F,100,100,100,0.0,1.0,0.0,100,1,4,0.0,1.0,5.0
067,5.142456996897813e7,5.1365018267207414e7,59551.701770715415,1000000,0.059551701770715414,5.142668540560411e7,1,0.565,0.435,2,0,2,2,0,2,4,2,0,2,2,2,0,4,2,0,2,2,2,0,4,"D,E,F","B,C","B,C",100,100,0,NaN,NaN,100.0,100,1,4,51508.955981604755,6.0,11.0
068,5.103882845971384e7,5.097653455030405e7,62293.90940979123,1000000,0.06229390940979123,5.1038828459713876e7,1,0.524,0.476,0,0,0,0,2,2,2,2,0,2,2,4,4,2,0,0,0,0,2,2,2,"B,C,D,E","F,G,H",F,100,99,99,0.0,1.0,0.0,100,1,14,0.0,1.0,13.0
069,5.1357741082068294e7,5.13226597305344e7,35081.35153389722,1000000,0.03508135153389722,5.1357741082068354e7,1,0.733,0.267,0,0,0,0,2,2,2,4,2,4,4,2,4,4,0,0,0,0,2,2,2,"D,E","G,H","B,C",99,99,99,0.0,1.0,0.0,100,1,8,0.0,1.0,9.0
070,5.084338019910533e7,5.077762903420977e7,65751.16489555687,1000000,0.06575116489555687,5.084470435242075e7,1,0.602,0.398,2,0,2,2,0,2,4,4,2,4,4,2,4,4,4,2,4,4,2,4,6,"B,C,F","D,E,G,H",E,100,50,31,1324.1533153876662,51.0,50.0,100,1,5,41423.84606154263,6.0,10.0
071,5.0931964083794065e7,5.090072325420395e7,31240.82959011197,1000000,0.03124082959011197,5.093455053670755e7,1,0.783,0.217,2,0,2,2,0,2,4,2,0,2,2,0,2,4,4,2,2,2,2,4,6,G,H,"B,C,D,E,F",100,100,0,NaN,NaN,100.0,100,1,4,17429.931039087474,2.0,6.0
072,5.146272266296404e7,5.139723156305126e7,65491.09991277754,1000000,0.06549109991277755,5.146272266296408e7,1,0.609,0.391,0,0,0,0,2,2,2,2,0,2,2,0,2,4,4,2,4,4,2,4,4,"B,C,F","D,E","G,H",100,98,98,0.0,1.0,0.0,100,1,2,32832.73772934079,3.0,10.0
073,5.141823257621605e7,5.138269540082534e7,35537.17539071292,1000000,0.03553717539071292,5.1423955994044095e7,1,0.895,0.105,2,0,2,2,0,2,4,2,0,2,2,0,2,4,6,4,4,4,4,6,6,"B,C,F","D,E",G,100,98,0,NaN,NaN,98.0,100,1,1,1041.011644370854,2.0,13.0
074,5.151544494492273e7,5.145377954082998e7,61665.40409275144,1000000,0.061665404092751445,5.151544494492275e7,1,0.586,0.414,0,0,0,0,2,2,2,2,0,2,2,2,0,4,2,0,2,2,2,0,4,"D,E,F","B,C","B,C",100,99,99,0.0,1.0,0.0,100,1,4,48010.710998892784,4.0,7.0
075,5.124379621276491e7,5.118490956227837e7,58886.650486543775,1000000,0.058886650486543776,5.124379621276494e7,1,0.534,0.466,0,0,0,0,2,2,2,2,0,2,2,4,4,2,0,0,0,0,2,2,2,"B,C,D,E","F,G,H",F,100,100,100,0.0,1.0,0.0,100,1,9,0.0,1.0,11.0
076,5.115520127743209e7,5.111608824438187e7,39113.033050224185,1000000,0.039113033050224184,5.115591365455333e7,1,0.724,0.276,2,0,2,2,0,2,4,0,0,0,0,2,2,2,4,2,4,4,2,4,4,"D,E","B,C","G,H",100,100,0,NaN,NaN,100.0,100,1,3,0.0,1.0,10.0
077,5.103273912792483e7,5.096779308120613e7,64946.04671870172,1000000,0.06494604671870172,5.103273912792489e7,1,0.595,0.405,0,0,0,0,2,2,2,4,2,4,4,2,4,4,2,0,2,2,0,2,4,"B,C,F","D,E,G,H","D,E",100,98,98,0.0,1.0,0.0,100,1,4,30519.61565106362,3.0,6.0
078,5.102122513052197e7,5.09891968637085e7,32028.266813464463,1000000,0.03202826681346446,5.102491369114557e7,1,0.887,0.113,2,0,2,2,0,2,4,4,0,2,2,6,6,4,2,0,2,2,0,2,4,F,G,"B,C",100,99,0,NaN,NaN,99.0,100,2,4,17909.035272702575,8.0,16.0
079,5.086640287475212e7,5.0798026546505064e7,68376.32824705541,1000000,0.06837632824705542,5.0869449960733816e7,1,0.583,0.417,2,0,2,2,0,2,4,4,2,4,4,2,4,4,4,2,4,4,2,4,6,"B,C,F","D,E,G,H",E,100,100,0,NaN,NaN,100.0,100,1,3,30473.183178141713,3.0,9.0
080,5.103823250687571e7,5.097873676437812e7,59495.742497585714,1000000,0.05949574249758571,5.1039188241212696e7,1,0.588,0.412,2,0,2,2,0,2,4,4,2,4,4,4,2,6,2,0,2,2,2,0,4,"D,E,F",C,"B,C",100,100,0,NaN,NaN,100.0,100,1,0,NaN,NaN,10.0
081,5.138536848465458e7,5.1335189677586675e7,50178.80706790835,1000000,0.050178807067908344,5.1389029939607896e7,1,0.534,0.466,2,0,2,2,0,2,4,0,0,0,0,2,2,2,2,0,2,2,4,4,2,"B,C,D,E",F,"F,G,H",100,100,0,NaN,NaN,100.0,100,1,6,0.0,1.0,12.0
082,5.115073483913909e7,5.1101766284848034e7,48968.55429105461,1000000,0.04896855429105461,5.115164303521916e7,1,0.604,0.396,2,0,2,2,0,2,4,2,0,2,2,0,2,4,2,0,2,2,0,2,4,"B,C,F","D,E","D,E",100,100,0,NaN,NaN,100.0,100,1,6,33893.94164042175,5.0,14.0
083,5.1064568340154625e7,5.103360911230254e7,30959.227852083743,1000000,0.030959227852083743,5.1066788170046546e7,1,0.857,0.143,2,0,2,2,0,2,4,8,6,2,6,8,8,8,2,0,2,2,0,2,4,G,C,H,100,99,0,NaN,NaN,99.0,100,1,2,3507.197832927108,2.0,6.0
084,5.121027784107004e7,5.117783239344734e7,32445.447622701526,1000000,0.032445447622701525,5.121119362369563e7,1,0.815,0.185,2,0,2,2,0,2,4,2,0,2,2,0,2,4,6,4,2,4,6,6,6,G,H,"B,C",100,99,0,NaN,NaN,99.0,100,1,4,15234.766943879426,3.0,4.0
085,5.1392192705670156e7,5.1327979164031394e7,64213.54163876176,1000000,0.06421354163876176,5.139220706980395e7,1,0.571,0.429,2,0,2,2,0,2,4,4,2,4,4,4,2,6,2,0,2,2,2,0,4,"D,E,F",B,"B,C",100,100,0,NaN,NaN,100.0,100,1,2,38621.159793794155,9.0,13.0
086,5.081427610945178e7,5.075145518896946e7,62820.92048231512,1000000,0.06282092048231512,5.0814487623973444e7,1,0.61,0.39,2,0,2,2,0,2,4,2,0,2,2,0,2,4,4,2,4,4,2,4,4,"B,C,F","D,E","G,H",100,100,0,NaN,NaN,100.0,100,1,7,47778.23672237992,7.0,17.0
087,5.098642671371609e7,5.095504904750076e7,31377.666215330362,1000000,0.03137766621533036,5.098642671371612e7,1,0.828,0.172,0,0,0,0,2,2,2,0,0,0,0,2,2,2,4,2,0,2,6,6,4,G,H,F,100,100,100,0.0,1.0,0.0,100,1,7,0.0,1.0,8.0
088,5.0934115887135e7,5.0924522119081594e7,9593.768053404987,1000000,0.009593768053404986,5.093411588713502e7,1,0.915,0.085,0,0,0,0,2,2,2,0,0,0,0,2,2,2,6,4,6,6,6,6,6,D,E,"B,C,E,F,G,H",100,100,100,0.0,1.0,0.0,100,1,1,0.0,1.0,1.0
089,5.132039938450652e7,5.1288726830482475e7,31672.55402404815,1000000,0.03167255402404815,5.1321408264657125e7,1,0.778,0.222,2,0,2,2,0,2,4,4,2,2,2,2,4,6,2,0,2,2,0,2,4,G,"B,C,D,E,F",H,100,100,0,NaN,NaN,100.0,100,1,0,NaN,NaN,4.0
090,5.119980848329454e7,5.116829960054225e7,31508.88275229186,1000000,0.031508882752291856,5.1199808483294584e7,1,0.828,0.172,0,0,0,0,2,2,2,0,0,0,0,2,2,2,4,2,0,2,6,6,4,G,H,F,100,100,100,0.0,1.0,0.0,100,1,4,0.0,1.0,5.0
091,5.1383803526447214e7,5.131607644049262e7,67727.08595459163,1000000,0.06772708595459163,5.1386667645715185e7,1,0.606,0.394,2,0,2,2,0,2,4,4,2,4,4,2,4,4,4,2,4,4,2,4,6,"B,C,F","D,E,G,H",D,100,100,0,NaN,NaN,100.0,100,1,3,37959.829884685576,9.0,20.0
092,5.1141567416439265e7,5.107627053949521e7,65296.87694405764,1000000,0.06529687694405764,5.1145984631944306e7,1,0.599,0.401,2,0,2,2,0,2,4,4,2,4,4,2,4,4,2,0,2,2,0,2,4,"B,C,F","D,E,G,H","D,E",100,100,0,NaN,NaN,100.0,100,2,4,11564.64347281307,5.0,15.0
093,5.1109801732565716e7,5.106354410853795e7,46257.62402776629,1000000,0.046257624027766286,5.1110933648189254e7,1,0.724,0.276,2,0,2,2,0,2,4,4,2,4,4,2,4,4,0,0,0,0,2,2,2,"D,E","B,C,F,G,H","B,C",100,100,0,NaN,NaN,100.0,100,1,2,0.0,1.0,4.0
094,5.133609127927853e7,5.130799963432388e7,28091.644954651594,1000000,0.028091644954651593,5.133863539654666e7,1,0.744,0.256,2,0,2,2,0,2,4,4,2,4,4,2,4,4,0,0,0,0,2,2,2,"D,E","G,H","B,C",100,100,0,NaN,NaN,100.0,100,1,1,0.0,1.0,3.0
095,5.1349471824632674e7,5.129793153304704e7,51540.29158563167,1000000,0.05154029158563167,5.134947182463274e7,1,0.531,0.469,0,0,0,0,2,2,2,0,0,0,0,2,2,2,2,0,2,2,4,4,2,"B,C,D,E",F,"F,G,H",100,99,99,0.0,1.0,0.0,100,1,8,0.0,1.0,13.0
096,5.13337244231149e7,5.127225156782716e7,61472.855287745595,1000000,0.0614728552877456,5.1333724423114955e7,1,0.613,0.387,0,0,0,0,2,2,2,4,2,4,4,2,4,4,2,0,2,2,0,2,4,"B,C,F","D,E,G,H","D,E",100,100,100,0.0,1.0,0.0,100,1,5,25654.437966510653,3.0,10.0
097,5.072367780807251e7,5.067471955944517e7,48958.24862733483,1000000,0.04895824862733483,5.0724337890370436e7,1,0.533,0.467,2,0,2,2,0,2,4,0,0,0,0,2,2,2,2,0,2,2,4,4,2,"B,C,D,E",F,"F,G,H",100,99,0,NaN,NaN,99.0,100,1,3,0.0,1.0,9.0
098,5.104606930643945e7,5.099558851020855e7,50480.79623090476,1000000,0.050480796230904755,5.1046826133601e7,1,0.585,0.415,2,0,2,2,0,2,4,4,2,4,4,2,4,6,2,0,2,2,0,2,4,"B,C,F",E,"D,E",100,100,0,NaN,NaN,100.0,100,2,4,20894.62945854664,6.0,13.0
099,5.0784273401961766e7,5.07180768107099e7,66196.59125186503,1000000,0.06619659125186503,5.07880090566752e7,1,0.6,0.4,2,0,2,2,0,2,4,4,2,4,4,2,4,4,2,0,2,2,0,2,4,"B,C,F","D,E,G,H","D,E",99,99,0,NaN,NaN,100.0,100,1,2,11179.091362901032,3.0,10.0
100,5.0932338400852606e7,5.088760827297772e7,44730.12787488848,1000000,0.04473012787488848,5.0934034092655614e7,1,0.714,0.286,2,0,2,2,0,2,4,4,2,4,4,2,4,4,0,0,0,0,2,2,2,"D,E","B,C,F,G,H","B,C",100,100,0,NaN,NaN,100.0,100,1,8,0.0,1.0,12.0
