factor,level,n,mean,median,sd,q95,q99
overall,all,1800,0.02179076911455446,0.01626573960185796,0.020026356891435424,0.06180979424843131,0.06989056428662845
rate variation,across genes,600,0.01070367129509277,0.007267293082550167,0.007646302582304825,0.02372537432700503,0.025301567034255117
rate variation,across lineages,600,0.04457771698972308,0.048951305853404105,0.01770810346550183,0.06676029753419606,0.07519652051538772
rate variation,none,600,0.010090919058847533,0.006877390125122491,0.007218400469070989,0.022752010483524574,0.023657587719803738
duplication/loss rate,0.0,600,0.02157286807589331,0.01511237291796878,0.020477416503648135,0.06286326313298639,0.06853031303639105
duplication/loss rate,0.0003,600,0.02157832228552322,0.016272883753694595,0.019615172026303414,0.060714600664751955,0.07090147291907324
duplication/loss rate,0.0004,600,0.022221116982246845,0.017251874881270526,0.020003653537466907,0.06169486032531306,0.06881188006958194
ILS level,low,900,0.024042432227712445,0.021399209092453214,0.020259828469824527,0.06444258016677461,0.07167890782822421
ILS level,high,900,0.01953910600139647,0.014769623947083949,0.019543391482893552,0.058837094578189246,0.06741062565529339
