parameter_setting,n_reps,H=0Accepted,H=1Accepted,H>1Accepted,H=1Accepted_CI_low,H=1Accepted_CI_high,H=0Accepted_naive,H=1Accepted_naive,T_star,mean_n_sites,min_n_sites,median_T_per_site,q95_T_per_site,mean_T,median_T,q95_T,min_T,mean_score_H0,mean_score_H1,mean_score_truetree,mean_gamma_1,mean_gamma_2,find_true_net0,find_true_net0_noF,find_true_net1,find_true_net1_noF,find_true_net1_major,find_alter_net0,find_alter1_net1_major,find_alter2_net1_major,find_alter3_net1_major,find_alter1_net1_minor,find_alter2_net1_minor,find_alter3_net1_minor,median_runs_at_best_H0,median_runs_at_best_H1,median_runs_true_H0,median_pct_runs_better_than_truetree_H0,find_true_any_run_H1,median_runs_true_H1,median_rank_best_true_H1,median_gap_best_true_H1,median_pct_runs_better_than_truetree_H1
DUP0.0-LOS0.0-RVG-N_ind1-SF0.5-genelen1000,100,90,10,0,4.900468922148596,17.62225977400227,0,100,0.023927450046703408,1.0e6,1000000,0.007572179227482528,0.0252218709843006,11872.083196433634,7572.1792274825275,25221.8709843006,1869.3998375386,4.5311938266514175e7,4.5300066183317736e7,4.531193826651427e7,0.8523900000000001,0.14761,100,100,49,90,38,0,17,12,0,6,11,0,99.0,1.0,99.0,0.0,100,6.0,2.0,7.6044356264173985,8.0
DUP0.0-LOS0.0-RVG-N_ind1-SF1.0-genelen1000,100,100,0,0,0.0,3.6216692645176463,0,100,0.018972861691715765,1.0e6,1000000,0.0047549314787760375,0.016560237289112434,7610.400260493159,4754.931478776038,16560.237289112432,189.75442979484797,4.762377211045044e7,4.761616171018995e7,4.762377211045057e7,0.84922,0.15078,100,100,48,94,35,0,19,18,0,9,4,0,99.0,1.0,99.0,0.0,99,5.0,2.0,45.22454949468374,7.0
DUP0.0-LOS0.0-RVL-N_ind1-SF0.5-genelen1000,100,2,98,0,92.96160675289299,99.75686631760574,0,100,0.023927450046703408,1.0e6,1000000,0.04984308722032979,0.06842613565839716,48870.50300602228,49843.08722032979,68426.13565839715,9593.768053404987,5.108137401229982e7,5.103250350929382e7,5.108251183941328e7,0.6854499999999999,0.31455,42,100,27,86,17,58,26,5,0,24,12,0,100.0,1.0,0.0,99.0,96,4.0,3.0,16272.27912311256,9.5
DUP0.0-LOS0.0-RVL-N_ind1-SF1.0-genelen1000,100,26,74,0,64.26879368998965,82.26055621323475,0,100,0.018972861691715765,1.0e6,1000000,0.04827681599861383,0.06262043224558829,41587.031640768495,48276.815998613834,62620.432245588294,11347.947426088154,5.6821063443785675e7,5.67794764121449e7,5.682247756732111e7,0.58874,0.41125999999999996,32,100,20,85,12,68,25,16,1,29,8,0,100.0,1.0,0.0,100.0,97,4.0,3.0,28540.907711707056,9.0
DUP0.0-LOS0.0-RVN-N_ind1-SF0.5-genelen1000,100,99,1,0,0.02531460329774207,5.445938539208061,0,100,0.023927450046703408,1.0e6,1000000,0.007926930044278503,0.022995769946378843,12223.55095204994,7926.9300442785025,22995.76994637884,1283.5337279587984,5.162592754071066e7,5.161370398975859e7,5.1625927540710695e7,0.86503,0.13497,100,100,58,92,43,0,13,12,0,8,4,0,98.5,1.0,98.5,0.0,100,6.0,1.0,0.0,8.0
DUP0.0-LOS0.0-RVN-N_ind1-SF1.0-genelen1000,100,100,0,0,0.0,3.6216692645176463,0,100,0.018972861691715765,1.0e6,1000000,0.004192237593799829,0.01655360344224386,7273.6393995923545,4192.2375937998295,16553.60344224386,1330.6264452785254,5.603032135016205e7,5.602304771076244e7,5.603032135016219e7,0.8680800000000001,0.13191999999999998,100,100,51,96,37,0,17,18,0,6,9,0,98.0,1.0,98.0,0.0,100,5.0,1.0,0.0,7.0
DUP0.0003-LOS0.0003-RVG-N_ind1-SF0.5-genelen1000,100,93,7,0,2.8605288907438684,13.891972845585732,0,100,0.023927450046703408,1.0e6,1000000,0.007914715024910868,0.0243854746680554,12115.06372881785,7914.715024910867,24385.4746680554,792.0419733375311,4.507322993697865e7,4.5061114873249836e7,4.507322993698832e7,0.8488899999999999,0.15111,100,100,48,92,35,0,16,17,0,10,7,0,99.0,1.0,99.0,0.0,100,6.0,2.0,115.08724008500576,8.0
DUP0.0003-LOS0.0003-RVG-N_ind1-SF1.0-genelen1000,100,95,5,0,1.6431879182052176,11.283491110546272,0,100,0.018972861691715765,1.0e6,1000000,0.005411095558345317,0.018904943986102193,8855.288953069821,5411.095558345318,18904.943986102193,1841.8440757840872,4.8385731561724894e7,4.837687627277181e7,4.8385731561724976e7,0.8469199999999999,0.15308,100,100,43,92,32,0,22,19,0,5,10,0,98.5,1.0,98.5,0.0,99,5.5,2.0,360.7466150522232,7.0
DUP0.0003-LOS0.0003-RVL-N_ind1-SF0.5-genelen1000,100,2,98,0,92.96160675289299,99.75686631760574,0,100,0.023927450046703408,1.0e6,1000000,0.04822409951939806,0.07093236395613627,46390.031423382534,48224.09951939806,70932.36395613625,15194.303452514112,5.1142715973046176e7,5.109632594162281e7,5.114430557946734e7,0.68446,0.31554,36,100,32,94,18,64,30,3,0,19,15,0,100.0,1.0,0.0,99.0,94,3.0,3.0,16125.081373434514,9.0
DUP0.0003-LOS0.0003-RVL-N_ind1-SF1.0-genelen1000,100,32,68,0,57.92331383683774,76.97800832384229,0,100,0.018972861691715765,1.0e6,1000000,0.04948744059313834,0.06206734653749913,40815.141750252245,49487.44059313834,62067.34653749913,3355.1325957402587,5.657165051995291e7,5.653083537820265e7,5.6572723589180954e7,0.59145,0.40855,35,100,23,85,10,65,19,15,0,29,7,0,100.0,1.0,0.0,99.0,96,3.0,3.0,33398.5069277063,9.0
DUP0.0003-LOS0.0003-RVN-N_ind1-SF0.5-genelen1000,100,98,2,0,0.24313368239425429,7.038393247107011,0,100,0.023927450046703408,1.0e6,1000000,0.007562259077988565,0.02345163648115955,11872.292706719934,7562.259077988565,23451.636481159552,747.3673600703478,5.161005568088384e7,5.159818338817711e7,5.1610055680883884e7,0.86374,0.13626,100,100,56,93,39,0,19,13,0,6,5,0,99.0,1.0,99.0,0.0,100,5.0,1.0,0.0,8.0
DUP0.0003-LOS0.0003-RVN-N_ind1-SF1.0-genelen1000,100,97,3,0,0.6229971538306394,8.517605297427998,0,100,0.018972861691715765,999980.0,999000,0.006024674090437591,0.018242297395965827,9421.856177033857,6024.674090437591,18242.29739596583,1554.626596443355,5.585342346165926e7,5.584400160548221e7,5.585342346165933e7,0.85582,0.14418,100,100,52,94,46,0,14,17,0,7,7,0,98.0,1.0,98.0,0.0,100,6.0,1.0,0.0,8.0
DUP0.0004-LOS0.0004-RVG-N_ind1-SF0.5-genelen1000,100,90,10,0,4.900468922148596,17.62225977400227,0,100,0.023927450046703408,957520.0,940000,0.008614627594846064,0.024524933853384008,13101.360262842774,8293.063699312508,23498.62713488601,1512.6154311150312,4.2997081251692735e7,4.298397989142989e7,4.299708125169283e7,0.83856,0.16143999999999997,100,100,46,84,37,0,11,18,0,7,8,0,99.0,1.0,99.0,0.0,100,6.0,2.0,280.92328299954534,9.0
DUP0.0004-LOS0.0004-RVG-N_ind1-SF1.0-genelen1000,100,88,12,0,6.356890256115931,20.02356836199689,1,99,0.018972861691715765,956810.0,942000,0.0067251850658300045,0.019762175119508722,9659.722332897261,6423.274479717016,18932.50061393641,-674.7039900273085,4.615750174257623e7,4.614784202024334e7,4.6157501742576726e7,0.84025,0.15974999999999995,100,100,45,87,36,0,20,20,0,4,3,0,99.0,1.0,99.0,0.0,99,5.0,2.0,275.73138815164566,8.0
DUP0.0004-LOS0.0004-RVL-N_ind1-SF0.5-genelen1000,100,3,97,0,91.482394702572,99.37700284616936,0,100,0.023927450046703408,957970.0,944000,0.053137525034390315,0.06641982259987105,47156.019621161446,50854.532159689814,63398.61703111119,12921.691283218563,4.90517133362708e7,4.900455731664963e7,4.905367011163084e7,0.67316,0.32683999999999996,20,100,18,88,7,80,31,3,0,28,12,0,100.0,1.0,0.0,100.0,96,3.0,3.5,19902.432655077428,9.0
DUP0.0004-LOS0.0004-RVL-N_ind1-SF1.0-genelen1000,100,27,73,0,63.198372709102514,81.39335777092593,0,100,0.018972861691715765,957970.0,945000,0.04813876258500234,0.06188472499312775,38874.11730198048,46188.95135001093,59753.858705214036,2269.5616311877966,5.405377657016312e7,5.4014902452861145e7,5.405494725629088e7,0.60956,0.39043999999999995,33,100,25,91,14,67,24,12,1,26,13,1,100.0,1.0,0.0,99.0,89,3.0,2.0,16878.613875582814,9.0
DUP0.0004-LOS0.0004-RVN-N_ind1-SF0.5-genelen1000,100,100,0,0,0.0,3.6216692645176463,0,100,0.023927450046703408,957970.0,942000,0.007420686934977184,0.022937124650810797,9706.466835450605,7127.460297282785,22011.112347794326,1055.397080257535,4.947654959688183e7,4.946684313004637e7,4.947654959688187e7,0.8694200000000001,0.13058,100,100,44,92,31,0,20,18,0,8,10,0,98.0,1.0,98.0,0.0,99,6.0,2.0,367.06028148531914,7.0
DUP0.0004-LOS0.0004-RVN-N_ind1-SF1.0-genelen1000,100,90,10,0,4.900468922148596,17.62225977400227,0,100,0.018972861691715765,957440.0,941000,0.0059686265256880325,0.01999367766429567,9214.826428884118,5691.198057167232,19023.002933026106,1095.4965289086103,5.337183129963276e7,5.3362616473203875e7,5.3371831299633026e7,0.8521299999999999,0.14787000000000003,100,100,46,96,37,0,18,21,0,9,11,0,98.0,1.0,98.0,0.0,100,5.5,2.0,113.57730803638697,8.0
