param_setting,taxon,role,count_recovered,count_not_recovered,total,pct_correct
SNaQ-DUP0.0-LOS0.0-RVG-N_ind1-SF0.5-genelen1000-summary,C,major_donor,70,3,73,95.9
SNaQ-DUP0.0-LOS0.0-RVG-N_ind1-SF0.5-genelen1000-summary,D,major_donor,69,2,71,97.2
SNaQ-DUP0.0-LOS0.0-RVG-N_ind1-SF0.5-genelen1000-summary,B,major_donor,67,3,70,95.7
SNaQ-DUP0.0-LOS0.0-RVG-N_ind1-SF0.5-genelen1000-summary,E,major_donor,65,2,67,97.0
SNaQ-DUP0.0-LOS0.0-RVG-N_ind1-SF0.5-genelen1000-summary,F,major_donor,60,0,60,100.0
SNaQ-DUP0.0-LOS0.0-RVG-N_ind1-SF0.5-genelen1000-summary,H,hybrid_taxon,58,0,58,100.0
SNaQ-DUP0.0-LOS0.0-RVG-N_ind1-SF0.5-genelen1000-summary,G,hybrid_taxon,57,0,57,100.0
SNaQ-DUP0.0-LOS0.0-RVG-N_ind1-SF0.5-genelen1000-summary,C,minor_donor,28,3,31,90.3
SNaQ-DUP0.0-LOS0.0-RVG-N_ind1-SF0.5-genelen1000-summary,D,minor_donor,27,1,28,96.4
SNaQ-DUP0.0-LOS0.0-RVG-N_ind1-SF0.5-genelen1000-summary,B,minor_donor,25,3,28,89.3
SNaQ-DUP0.0-LOS0.0-RVG-N_ind1-SF0.5-genelen1000-summary,E,minor_donor,22,1,23,95.7
SNaQ-DUP0.0-LOS0.0-RVG-N_ind1-SF0.5-genelen1000-summary,H,minor_donor,17,3,20,85.0
SNaQ-DUP0.0-LOS0.0-RVG-N_ind1-SF0.5-genelen1000-summary,G,minor_donor,13,3,16,81.2
SNaQ-DUP0.0-LOS0.0-RVG-N_ind1-SF0.5-genelen1000-summary,B,hybrid_taxon,15,0,15,100.0
SNaQ-DUP0.0-LOS0.0-RVG-N_ind1-SF0.5-genelen1000-summary,E,hybrid_taxon,14,0,14,100.0
SNaQ-DUP0.0-LOS0.0-RVG-N_ind1-SF0.5-genelen1000-summary,C,hybrid_taxon,12,0,12,100.0
SNaQ-DUP0.0-LOS0.0-RVG-N_ind1-SF0.5-genelen1000-summary,G,major_donor,9,2,11,81.8
SNaQ-DUP0.0-LOS0.0-RVG-N_ind1-SF0.5-genelen1000-summary,D,hybrid_taxon,10,0,10,100.0
SNaQ-DUP0.0-LOS0.0-RVG-N_ind1-SF0.5-genelen1000-summary,H,major_donor,8,2,10,80.0
SNaQ-DUP0.0-LOS0.0-RVG-N_ind1-SF0.5-genelen1000-summary,F,hybrid_taxon,4,5,9,44.4
SNaQ-DUP0.0-LOS0.0-RVG-N_ind1-SF0.5-genelen1000-summary,F,minor_donor,4,0,4,100.0
SNaQ-DUP0.0-LOS0.0-RVG-N_ind1-SF0.5-genelen1000-summary,A,hybrid_taxon,3,0,3,100.0
SNaQ-DUP0.0-LOS0.0-RVG-N_ind1-SF1.0-genelen1000-summary,C,major_donor,52,6,58,89.7
SNaQ-DUP0.0-LOS0.0-RVG-N_ind1-SF1.0-genelen1000-summary,B,major_donor,46,6,52,88.5
SNaQ-DUP0.0-LOS0.0-RVG-N_ind1-SF1.0-genelen1000-summary,D,major_donor,45,3,48,93.8
SNaQ-DUP0.0-LOS0.0-RVG-N_ind1-SF1.0-genelen1000-summary,E,major_donor,44,3,47,93.6
SNaQ-DUP0.0-LOS0.0-RVG-N_ind1-SF1.0-genelen1000-summary,G,minor_donor,33,5,38,86.8
SNaQ-DUP0.0-LOS0.0-RVG-N_ind1-SF1.0-genelen1000-summary,H,minor_donor,30,5,35,85.7
SNaQ-DUP0.0-LOS0.0-RVG-N_ind1-SF1.0-genelen1000-summary,F,major_donor,34,0,34,100.0
SNaQ-DUP0.0-LOS0.0-RVG-N_ind1-SF1.0-genelen1000-summary,G,hybrid_taxon,30,0,30,100.0
SNaQ-DUP0.0-LOS0.0-RVG-N_ind1-SF1.0-genelen1000-summary,H,hybrid_taxon,30,0,30,100.0
SNaQ-DUP0.0-LOS0.0-RVG-N_ind1-SF1.0-genelen1000-summary,B,hybrid_taxon,29,0,29,100.0
SNaQ-DUP0.0-LOS0.0-RVG-N_ind1-SF1.0-genelen1000-summary,E,minor_donor,23,3,26,88.5
SNaQ-DUP0.0-LOS0.0-RVG-N_ind1-SF1.0-genelen1000-summary,C,minor_donor,21,4,25,84.0
SNaQ-DUP0.0-LOS0.0-RVG-N_ind1-SF1.0-genelen1000-summary,D,minor_donor,21,3,24,87.5
SNaQ-DUP0.0-LOS0.0-RVG-N_ind1-SF1.0-genelen1000-summary,B,minor_donor,20,4,24,83.3
SNaQ-DUP0.0-LOS0.0-RVG-N_ind1-SF1.0-genelen1000-summary,C,hybrid_taxon,23,0,23,100.0
SNaQ-DUP0.0-LOS0.0-RVG-N_ind1-SF1.0-genelen1000-summary,E,hybrid_taxon,23,0,23,100.0
SNaQ-DUP0.0-LOS0.0-RVG-N_ind1-SF1.0-genelen1000-summary,D,hybrid_taxon,22,0,22,100.0
SNaQ-DUP0.0-LOS0.0-RVG-N_ind1-SF1.0-genelen1000-summary,F,minor_donor,18,0,18,100.0
SNaQ-DUP0.0-LOS0.0-RVG-N_ind1-SF1.0-genelen1000-summary,G,major_donor,9,3,12,75.0
SNaQ-DUP0.0-LOS0.0-RVG-N_ind1-SF1.0-genelen1000-summary,H,major_donor,9,3,12,75.0
SNaQ-DUP0.0-LOS0.0-RVG-N_ind1-SF1.0-genelen1000-summary,F,hybrid_taxon,3,8,11,27.3
SNaQ-DUP0.0-LOS0.0-RVG-N_ind1-SF1.0-genelen1000-summary,A,hybrid_taxon,3,0,3,100.0
SNaQ-DUP0.0-LOS0.0-RVG-N_ind2-SF0.5-genelen1000-summary,D,major_donor,73,6,79,92.4
SNaQ-DUP0.0-LOS0.0-RVG-N_ind2-SF0.5-genelen1000-summary,E,major_donor,73,6,79,92.4
SNaQ-DUP0.0-LOS0.0-RVG-N_ind2-SF0.5-genelen1000-summary,B,major_donor,71,4,75,94.7
SNaQ-DUP0.0-LOS0.0-RVG-N_ind2-SF0.5-genelen1000-summary,C,major_donor,71,4,75,94.7
SNaQ-DUP0.0-LOS0.0-RVG-N_ind2-SF0.5-genelen1000-summary,F,major_donor,61,0,61,100.0
SNaQ-DUP0.0-LOS0.0-RVG-N_ind2-SF0.5-genelen1000-summary,G,hybrid_taxon,57,0,57,100.0
SNaQ-DUP0.0-LOS0.0-RVG-N_ind2-SF0.5-genelen1000-summary,H,hybrid_taxon,57,0,57,100.0
SNaQ-DUP0.0-LOS0.0-RVG-N_ind2-SF0.5-genelen1000-summary,C,minor_donor,29,4,33,87.9
SNaQ-DUP0.0-LOS0.0-RVG-N_ind2-SF0.5-genelen1000-summary,B,minor_donor,28,4,32,87.5
SNaQ-DUP0.0-LOS0.0-RVG-N_ind2-SF0.5-genelen1000-summary,G,minor_donor,21,4,25,84.0
SNaQ-DUP0.0-LOS0.0-RVG-N_ind2-SF0.5-genelen1000-summary,D,minor_donor,20,4,24,83.3
SNaQ-DUP0.0-LOS0.0-RVG-N_ind2-SF0.5-genelen1000-summary,H,minor_donor,16,4,20,80.0
SNaQ-DUP0.0-LOS0.0-RVG-N_ind2-SF0.5-genelen1000-summary,E,minor_donor,16,4,20,80.0
SNaQ-DUP0.0-LOS0.0-RVG-N_ind2-SF0.5-genelen1000-summary,D,hybrid_taxon,13,0,13,100.0
SNaQ-DUP0.0-LOS0.0-RVG-N_ind2-SF0.5-genelen1000-summary,E,hybrid_taxon,13,0,13,100.0
SNaQ-DUP0.0-LOS0.0-RVG-N_ind2-SF0.5-genelen1000-summary,F,hybrid_taxon,4,8,12,33.3
SNaQ-DUP0.0-LOS0.0-RVG-N_ind2-SF0.5-genelen1000-summary,B,hybrid_taxon,12,0,12,100.0
SNaQ-DUP0.0-LOS0.0-RVG-N_ind2-SF0.5-genelen1000-summary,C,hybrid_taxon,12,0,12,100.0
SNaQ-DUP0.0-LOS0.0-RVG-N_ind2-SF0.5-genelen1000-summary,G,major_donor,5,4,9,55.6
SNaQ-DUP0.0-LOS0.0-RVG-N_ind2-SF0.5-genelen1000-summary,H,major_donor,5,4,9,55.6
SNaQ-DUP0.0-LOS0.0-RVG-N_ind2-SF0.5-genelen1000-summary,F,minor_donor,7,0,7,100.0
SNaQ-DUP0.0-LOS0.0-RVG-N_ind2-SF0.5-genelen1000-summary,A,hybrid_taxon,3,0,3,100.0
SNaQ-DUP0.0-LOS0.0-RVG-N_ind2-SF1.0-genelen1000-summary,B,major_donor,50,6,56,89.3
SNaQ-DUP0.0-LOS0.0-RVG-N_ind2-SF1.0-genelen1000-summary,C,major_donor,49,6,55,89.1
SNaQ-DUP0.0-LOS0.0-RVG-N_ind2-SF1.0-genelen1000-summary,D,major_donor,50,4,54,92.6
SNaQ-DUP0.0-LOS0.0-RVG-N_ind2-SF1.0-genelen1000-summary,E,major_donor,49,4,53,92.5
SNaQ-DUP0.0-LOS0.0-RVG-N_ind2-SF1.0-genelen1000-summary,F,major_donor,40,0,40,100.0
SNaQ-DUP0.0-LOS0.0-RVG-N_ind2-SF1.0-genelen1000-summary,H,minor_donor,28,6,34,82.4
SNaQ-DUP0.0-LOS0.0-RVG-N_ind2-SF1.0-genelen1000-summary,G,hybrid_taxon,33,0,33,100.0
SNaQ-DUP0.0-LOS0.0-RVG-N_ind2-SF1.0-genelen1000-summary,H,hybrid_taxon,33,0,33,100.0
SNaQ-DUP0.0-LOS0.0-RVG-N_ind2-SF1.0-genelen1000-summary,G,minor_donor,26,6,32,81.2
SNaQ-DUP0.0-LOS0.0-RVG-N_ind2-SF1.0-genelen1000-summary,E,hybrid_taxon,27,0,27,100.0
SNaQ-DUP0.0-LOS0.0-RVG-N_ind2-SF1.0-genelen1000-summary,C,hybrid_taxon,27,0,27,100.0
SNaQ-DUP0.0-LOS0.0-RVG-N_ind2-SF1.0-genelen1000-summary,D,hybrid_taxon,26,0,26,100.0
SNaQ-DUP0.0-LOS0.0-RVG-N_ind2-SF1.0-genelen1000-summary,B,hybrid_taxon,26,0,26,100.0
SNaQ-DUP0.0-LOS0.0-RVG-N_ind2-SF1.0-genelen1000-summary,B,minor_donor,21,4,25,84.0
SNaQ-DUP0.0-LOS0.0-RVG-N_ind2-SF1.0-genelen1000-summary,C,minor_donor,21,4,25,84.0
SNaQ-DUP0.0-LOS0.0-RVG-N_ind2-SF1.0-genelen1000-summary,E,minor_donor,16,6,22,72.7
SNaQ-DUP0.0-LOS0.0-RVG-N_ind2-SF1.0-genelen1000-summary,D,minor_donor,14,6,20,70.0
SNaQ-DUP0.0-LOS0.0-RVG-N_ind2-SF1.0-genelen1000-summary,F,hybrid_taxon,5,12,17,29.4
SNaQ-DUP0.0-LOS0.0-RVG-N_ind2-SF1.0-genelen1000-summary,G,major_donor,7,6,13,53.8
SNaQ-DUP0.0-LOS0.0-RVG-N_ind2-SF1.0-genelen1000-summary,H,major_donor,7,6,13,53.8
SNaQ-DUP0.0-LOS0.0-RVG-N_ind2-SF1.0-genelen1000-summary,F,minor_donor,13,0,13,100.0
SNaQ-DUP0.0-LOS0.0-RVG-N_ind2-SF1.0-genelen1000-summary,A,hybrid_taxon,1,0,1,100.0
SNaQ-DUP0.0-LOS0.0-RVL-N_ind1-SF0.5-genelen1000-summary,C,major_donor,54,7,61,88.5
SNaQ-DUP0.0-LOS0.0-RVL-N_ind1-SF0.5-genelen1000-summary,B,major_donor,50,7,57,87.7
SNaQ-DUP0.0-LOS0.0-RVL-N_ind1-SF0.5-genelen1000-summary,D,major_donor,38,7,45,84.4
SNaQ-DUP0.0-LOS0.0-RVL-N_ind1-SF0.5-genelen1000-summary,E,major_donor,37,7,44,84.1
SNaQ-DUP0.0-LOS0.0-RVL-N_ind1-SF0.5-genelen1000-summary,B,minor_donor,33,9,42,78.6
SNaQ-DUP0.0-LOS0.0-RVL-N_ind1-SF0.5-genelen1000-summary,C,minor_donor,33,9,42,78.6
SNaQ-DUP0.0-LOS0.0-RVL-N_ind1-SF0.5-genelen1000-summary,E,minor_donor,29,10,39,74.4
SNaQ-DUP0.0-LOS0.0-RVL-N_ind1-SF0.5-genelen1000-summary,D,minor_donor,27,10,37,73.0
SNaQ-DUP0.0-LOS0.0-RVL-N_ind1-SF0.5-genelen1000-summary,F,hybrid_taxon,18,15,33,54.5
SNaQ-DUP0.0-LOS0.0-RVL-N_ind1-SF0.5-genelen1000-summary,G,minor_donor,19,14,33,57.6
SNaQ-DUP0.0-LOS0.0-RVL-N_ind1-SF0.5-genelen1000-summary,H,minor_donor,19,14,33,57.6
SNaQ-DUP0.0-LOS0.0-RVL-N_ind1-SF0.5-genelen1000-summary,E,hybrid_taxon,25,0,25,100.0
SNaQ-DUP0.0-LOS0.0-RVL-N_ind1-SF0.5-genelen1000-summary,D,hybrid_taxon,24,0,24,100.0
SNaQ-DUP0.0-LOS0.0-RVL-N_ind1-SF0.5-genelen1000-summary,B,hybrid_taxon,22,0,22,100.0
SNaQ-DUP0.0-LOS0.0-RVL-N_ind1-SF0.5-genelen1000-summary,F,major_donor,20,0,20,100.0
SNaQ-DUP0.0-LOS0.0-RVL-N_ind1-SF0.5-genelen1000-summary,C,hybrid_taxon,18,0,18,100.0
SNaQ-DUP0.0-LOS0.0-RVL-N_ind1-SF0.5-genelen1000-summary,H,hybrid_taxon,16,0,16,100.0
SNaQ-DUP0.0-LOS0.0-RVL-N_ind1-SF0.5-genelen1000-summary,G,hybrid_taxon,12,0,12,100.0
SNaQ-DUP0.0-LOS0.0-RVL-N_ind1-SF0.5-genelen1000-summary,F,minor_donor,12,0,12,100.0
SNaQ-DUP0.0-LOS0.0-RVL-N_ind1-SF0.5-genelen1000-summary,G,major_donor,10,1,11,90.9
SNaQ-DUP0.0-LOS0.0-RVL-N_ind1-SF0.5-genelen1000-summary,H,major_donor,6,1,7,85.7
SNaQ-DUP0.0-LOS0.0-RVL-N_ind1-SF0.5-genelen1000-summary,A,hybrid_taxon,3,0,3,100.0
SNaQ-DUP0.0-LOS0.0-RVL-N_ind1-SF1.0-genelen1000-summary,C,major_donor,32,14,46,69.6
SNaQ-DUP0.0-LOS0.0-RVL-N_ind1-SF1.0-genelen1000-summary,H,minor_donor,30,13,43,69.8
SNaQ-DUP0.0-LOS0.0-RVL-N_ind1-SF1.0-genelen1000-summary,B,major_donor,27,14,41,65.9
SNaQ-DUP0.0-LOS0.0-RVL-N_ind1-SF1.0-genelen1000-summary,D,major_donor,32,9,41,78.0
SNaQ-DUP0.0-LOS0.0-RVL-N_ind1-SF1.0-genelen1000-summary,E,major_donor,31,9,40,77.5
SNaQ-DUP0.0-LOS0.0-RVL-N_ind1-SF1.0-genelen1000-summary,G,minor_donor,25,13,38,65.8
SNaQ-DUP0.0-LOS0.0-RVL-N_ind1-SF1.0-genelen1000-summary,D,minor_donor,24,10,34,70.6
SNaQ-DUP0.0-LOS0.0-RVL-N_ind1-SF1.0-genelen1000-summary,B,minor_donor,23,11,34,67.6
SNaQ-DUP0.0-LOS0.0-RVL-N_ind1-SF1.0-genelen1000-summary,E,minor_donor,23,10,33,69.7
SNaQ-DUP0.0-LOS0.0-RVL-N_ind1-SF1.0-genelen1000-summary,B,hybrid_taxon,32,0,32,100.0
SNaQ-DUP0.0-LOS0.0-RVL-N_ind1-SF1.0-genelen1000-summary,C,minor_donor,20,11,31,64.5
SNaQ-DUP0.0-LOS0.0-RVL-N_ind1-SF1.0-genelen1000-summary,C,hybrid_taxon,27,0,27,100.0
SNaQ-DUP0.0-LOS0.0-RVL-N_ind1-SF1.0-genelen1000-summary,E,hybrid_taxon,25,0,25,100.0
SNaQ-DUP0.0-LOS0.0-RVL-N_ind1-SF1.0-genelen1000-summary,D,hybrid_taxon,24,0,24,100.0
SNaQ-DUP0.0-LOS0.0-RVL-N_ind1-SF1.0-genelen1000-summary,F,hybrid_taxon,2,20,22,9.1
SNaQ-DUP0.0-LOS0.0-RVL-N_ind1-SF1.0-genelen1000-summary,F,major_donor,22,0,22,100.0
SNaQ-DUP0.0-LOS0.0-RVL-N_ind1-SF1.0-genelen1000-summary,F,minor_donor,19,0,19,100.0
SNaQ-DUP0.0-LOS0.0-RVL-N_ind1-SF1.0-genelen1000-summary,H,major_donor,10,7,17,58.8
SNaQ-DUP0.0-LOS0.0-RVL-N_ind1-SF1.0-genelen1000-summary,G,major_donor,9,7,16,56.2
SNaQ-DUP0.0-LOS0.0-RVL-N_ind1-SF1.0-genelen1000-summary,G,hybrid_taxon,8,0,8,100.0
SNaQ-DUP0.0-LOS0.0-RVL-N_ind1-SF1.0-genelen1000-summary,H,hybrid_taxon,7,0,7,100.0
SNaQ-DUP0.0-LOS0.0-RVL-N_ind1-SF1.0-genelen1000-summary,A,hybrid_taxon,5,0,5,100.0
SNaQ-DUP0.0-LOS0.0-RVL-N_ind2-SF0.5-genelen1000-summary,B,major_donor,47,11,58,81.0
SNaQ-DUP0.0-LOS0.0-RVL-N_ind2-SF0.5-genelen1000-summary,C,major_donor,44,11,55,80.0
SNaQ-DUP0.0-LOS0.0-RVL-N_ind2-SF0.5-genelen1000-summary,D,major_donor,45,7,52,86.5
SNaQ-DUP0.0-LOS0.0-RVL-N_ind2-SF0.5-genelen1000-summary,E,major_donor,41,7,48,85.4
SNaQ-DUP0.0-LOS0.0-RVL-N_ind2-SF0.5-genelen1000-summary,D,minor_donor,29,9,38,76.3
SNaQ-DUP0.0-LOS0.0-RVL-N_ind2-SF0.5-genelen1000-summary,E,minor_donor,26,9,35,74.3
SNaQ-DUP0.0-LOS0.0-RVL-N_ind2-SF0.5-genelen1000-summary,G,minor_donor,21,14,35,60.0
SNaQ-DUP0.0-LOS0.0-RVL-N_ind2-SF0.5-genelen1000-summary,H,minor_donor,21,14,35,60.0
SNaQ-DUP0.0-LOS0.0-RVL-N_ind2-SF0.5-genelen1000-summary,F,hybrid_taxon,15,17,32,46.9
SNaQ-DUP0.0-LOS0.0-RVL-N_ind2-SF0.5-genelen1000-summary,E,hybrid_taxon,29,0,29,100.0
SNaQ-DUP0.0-LOS0.0-RVL-N_ind2-SF0.5-genelen1000-summary,B,minor_donor,21,8,29,72.4
SNaQ-DUP0.0-LOS0.0-RVL-N_ind2-SF0.5-genelen1000-summary,C,minor_donor,20,8,28,71.4
SNaQ-DUP0.0-LOS0.0-RVL-N_ind2-SF0.5-genelen1000-summary,D,hybrid_taxon,25,0,25,100.0
SNaQ-DUP0.0-LOS0.0-RVL-N_ind2-SF0.5-genelen1000-summary,C,hybrid_taxon,21,0,21,100.0
SNaQ-DUP0.0-LOS0.0-RVL-N_ind2-SF0.5-genelen1000-summary,F,major_donor,21,0,21,100.0
SNaQ-DUP0.0-LOS0.0-RVL-N_ind2-SF0.5-genelen1000-summary,F,minor_donor,19,0,19,100.0
SNaQ-DUP0.0-LOS0.0-RVL-N_ind2-SF0.5-genelen1000-summary,B,hybrid_taxon,18,0,18,100.0
SNaQ-DUP0.0-LOS0.0-RVL-N_ind2-SF0.5-genelen1000-summary,G,hybrid_taxon,14,0,14,100.0
SNaQ-DUP0.0-LOS0.0-RVL-N_ind2-SF0.5-genelen1000-summary,H,hybrid_taxon,14,0,14,100.0
SNaQ-DUP0.0-LOS0.0-RVL-N_ind2-SF0.5-genelen1000-summary,G,major_donor,6,3,9,66.7
SNaQ-DUP0.0-LOS0.0-RVL-N_ind2-SF0.5-genelen1000-summary,H,major_donor,6,3,9,66.7
SNaQ-DUP0.0-LOS0.0-RVL-N_ind2-SF0.5-genelen1000-summary,A,hybrid_taxon,6,0,6,100.0
SNaQ-DUP0.0-LOS0.0-RVL-N_ind2-SF1.0-genelen1000-summary,H,minor_donor,41,12,53,77.4
SNaQ-DUP0.0-LOS0.0-RVL-N_ind2-SF1.0-genelen1000-summary,G,minor_donor,40,12,52,76.9
SNaQ-DUP0.0-LOS0.0-RVL-N_ind2-SF1.0-genelen1000-summary,B,major_donor,38,8,46,82.6
SNaQ-DUP0.0-LOS0.0-RVL-N_ind2-SF1.0-genelen1000-summary,C,major_donor,34,8,42,81.0
SNaQ-DUP0.0-LOS0.0-RVL-N_ind2-SF1.0-genelen1000-summary,D,major_donor,30,10,40,75.0
SNaQ-DUP0.0-LOS0.0-RVL-N_ind2-SF1.0-genelen1000-summary,E,major_donor,29,10,39,74.4
SNaQ-DUP0.0-LOS0.0-RVL-N_ind2-SF1.0-genelen1000-summary,D,minor_donor,22,12,34,64.7
SNaQ-DUP0.0-LOS0.0-RVL-N_ind2-SF1.0-genelen1000-summary,E,minor_donor,20,12,32,62.5
SNaQ-DUP0.0-LOS0.0-RVL-N_ind2-SF1.0-genelen1000-summary,C,hybrid_taxon,30,0,30,100.0
SNaQ-DUP0.0-LOS0.0-RVL-N_ind2-SF1.0-genelen1000-summary,E,hybrid_taxon,28,0,28,100.0
SNaQ-DUP0.0-LOS0.0-RVL-N_ind2-SF1.0-genelen1000-summary,D,hybrid_taxon,27,0,27,100.0
SNaQ-DUP0.0-LOS0.0-RVL-N_ind2-SF1.0-genelen1000-summary,B,hybrid_taxon,26,0,26,100.0
SNaQ-DUP0.0-LOS0.0-RVL-N_ind2-SF1.0-genelen1000-summary,C,minor_donor,18,8,26,69.2
SNaQ-DUP0.0-LOS0.0-RVL-N_ind2-SF1.0-genelen1000-summary,B,minor_donor,16,8,24,66.7
SNaQ-DUP0.0-LOS0.0-RVL-N_ind2-SF1.0-genelen1000-summary,F,hybrid_taxon,1,20,21,4.8
SNaQ-DUP0.0-LOS0.0-RVL-N_ind2-SF1.0-genelen1000-summary,F,minor_donor,18,0,18,100.0
SNaQ-DUP0.0-LOS0.0-RVL-N_ind2-SF1.0-genelen1000-summary,F,major_donor,14,0,14,100.0
SNaQ-DUP0.0-LOS0.0-RVL-N_ind2-SF1.0-genelen1000-summary,H,major_donor,3,8,11,27.3
SNaQ-DUP0.0-LOS0.0-RVL-N_ind2-SF1.0-genelen1000-summary,G,hybrid_taxon,10,0,10,100.0
SNaQ-DUP0.0-LOS0.0-RVL-N_ind2-SF1.0-genelen1000-summary,G,major_donor,1,8,9,11.1
SNaQ-DUP0.0-LOS0.0-RVL-N_ind2-SF1.0-genelen1000-summary,H,hybrid_taxon,8,0,8,100.0
SNaQ-DUP0.0-LOS0.0-RVN-N_ind1-SF0.5-genelen1000-summary,D,major_donor,41,5,46,89.1
SNaQ-DUP0.0-LOS0.0-RVN-N_ind1-SF0.5-genelen1000-summary,E,major_donor,41,5,46,89.1
SNaQ-DUP0.0-LOS0.0-RVN-N_ind1-SF0.5-genelen1000-summary,C,major_donor,35,7,42,83.3
SNaQ-DUP0.0-LOS0.0-RVN-N_ind1-SF0.5-genelen1000-summary,B,major_donor,34,7,41,82.9
SNaQ-DUP0.0-LOS0.0-RVN-N_ind1-SF0.5-genelen1000-summary,E,minor_donor,30,7,37,81.1
SNaQ-DUP0.0-LOS0.0-RVN-N_ind1-SF0.5-genelen1000-summary,D,minor_donor,28,7,35,80.0
SNaQ-DUP0.0-LOS0.0-RVN-N_ind1-SF0.5-genelen1000-summary,B,minor_donor,29,5,34,85.3
SNaQ-DUP0.0-LOS0.0-RVN-N_ind1-SF0.5-genelen1000-summary,G,minor_donor,29,2,31,93.5
SNaQ-DUP0.0-LOS0.0-RVN-N_ind1-SF0.5-genelen1000-summary,H,minor_donor,29,2,31,93.5
SNaQ-DUP0.0-LOS0.0-RVN-N_ind1-SF0.5-genelen1000-summary,C,minor_donor,24,5,29,82.8
SNaQ-DUP0.0-LOS0.0-RVN-N_ind1-SF0.5-genelen1000-summary,B,hybrid_taxon,27,0,27,100.0
SNaQ-DUP0.0-LOS0.0-RVN-N_ind1-SF0.5-genelen1000-summary,F,minor_donor,27,0,27,100.0
SNaQ-DUP0.0-LOS0.0-RVN-N_ind1-SF0.5-genelen1000-summary,C,hybrid_taxon,26,0,26,100.0
SNaQ-DUP0.0-LOS0.0-RVN-N_ind1-SF0.5-genelen1000-summary,H,major_donor,16,10,26,61.5
SNaQ-DUP0.0-LOS0.0-RVN-N_ind1-SF0.5-genelen1000-summary,F,hybrid_taxon,10,12,22,45.5
SNaQ-DUP0.0-LOS0.0-RVN-N_ind1-SF0.5-genelen1000-summary,G,major_donor,11,10,21,52.4
SNaQ-DUP0.0-LOS0.0-RVN-N_ind1-SF0.5-genelen1000-summary,E,hybrid_taxon,20,0,20,100.0
SNaQ-DUP0.0-LOS0.0-RVN-N_ind1-SF0.5-genelen1000-summary,D,hybrid_taxon,20,0,20,100.0
SNaQ-DUP0.0-LOS0.0-RVN-N_ind1-SF0.5-genelen1000-summary,G,hybrid_taxon,18,0,18,100.0
SNaQ-DUP0.0-LOS0.0-RVN-N_ind1-SF0.5-genelen1000-summary,F,major_donor,15,0,15,100.0
SNaQ-DUP0.0-LOS0.0-RVN-N_ind1-SF0.5-genelen1000-summary,H,hybrid_taxon,13,0,13,100.0
SNaQ-DUP0.0-LOS0.0-RVN-N_ind1-SF0.5-genelen1000-summary,A,hybrid_taxon,3,0,3,100.0
SNaQ-DUP0.0-LOS0.0-RVN-N_ind1-SF1.0-genelen1000-summary,E,major_donor,38,10,48,79.2
SNaQ-DUP0.0-LOS0.0-RVN-N_ind1-SF1.0-genelen1000-summary,G,minor_donor,38,8,46,82.6
SNaQ-DUP0.0-LOS0.0-RVN-N_ind1-SF1.0-genelen1000-summary,H,minor_donor,38,8,46,82.6
SNaQ-DUP0.0-LOS0.0-RVN-N_ind1-SF1.0-genelen1000-summary,B,major_donor,34,10,44,77.3
SNaQ-DUP0.0-LOS0.0-RVN-N_ind1-SF1.0-genelen1000-summary,D,major_donor,33,10,43,76.7
SNaQ-DUP0.0-LOS0.0-RVN-N_ind1-SF1.0-genelen1000-summary,C,major_donor,31,10,41,75.6
SNaQ-DUP0.0-LOS0.0-RVN-N_ind1-SF1.0-genelen1000-summary,F,minor_donor,35,0,35,100.0
SNaQ-DUP0.0-LOS0.0-RVN-N_ind1-SF1.0-genelen1000-summary,B,minor_donor,25,9,34,73.5
SNaQ-DUP0.0-LOS0.0-RVN-N_ind1-SF1.0-genelen1000-summary,D,hybrid_taxon,32,0,32,100.0
SNaQ-DUP0.0-LOS0.0-RVN-N_ind1-SF1.0-genelen1000-summary,C,minor_donor,23,9,32,71.9
SNaQ-DUP0.0-LOS0.0-RVN-N_ind1-SF1.0-genelen1000-summary,E,minor_donor,23,7,30,76.7
SNaQ-DUP0.0-LOS0.0-RVN-N_ind1-SF1.0-genelen1000-summary,D,minor_donor,22,7,29,75.9
SNaQ-DUP0.0-LOS0.0-RVN-N_ind1-SF1.0-genelen1000-summary,E,hybrid_taxon,27,0,27,100.0
SNaQ-DUP0.0-LOS0.0-RVN-N_ind1-SF1.0-genelen1000-summary,C,hybrid_taxon,21,0,21,100.0
SNaQ-DUP0.0-LOS0.0-RVN-N_ind1-SF1.0-genelen1000-summary,B,hybrid_taxon,18,0,18,100.0
SNaQ-DUP0.0-LOS0.0-RVN-N_ind1-SF1.0-genelen1000-summary,F,hybrid_taxon,2,16,18,11.1
SNaQ-DUP0.0-LOS0.0-RVN-N_ind1-SF1.0-genelen1000-summary,G,major_donor,8,8,16,50.0
SNaQ-DUP0.0-LOS0.0-RVN-N_ind1-SF1.0-genelen1000-summary,H,major_donor,7,8,15,46.7
SNaQ-DUP0.0-LOS0.0-RVN-N_ind1-SF1.0-genelen1000-summary,F,major_donor,12,0,12,100.0
SNaQ-DUP0.0-LOS0.0-RVN-N_ind1-SF1.0-genelen1000-summary,H,hybrid_taxon,10,0,10,100.0
SNaQ-DUP0.0-LOS0.0-RVN-N_ind1-SF1.0-genelen1000-summary,G,hybrid_taxon,9,0,9,100.0
SNaQ-DUP0.0-LOS0.0-RVN-N_ind1-SF1.0-genelen1000-summary,A,hybrid_taxon,3,0,3,100.0
SNaQ-DUP0.0-LOS0.0-RVN-N_ind2-SF0.5-genelen1000-summary,B,major_donor,54,6,60,90.0
SNaQ-DUP0.0-LOS0.0-RVN-N_ind2-SF0.5-genelen1000-summary,C,major_donor,50,6,56,89.3
SNaQ-DUP0.0-LOS0.0-RVN-N_ind2-SF0.5-genelen1000-summary,D,major_donor,46,4,50,92.0
SNaQ-DUP0.0-LOS0.0-RVN-N_ind2-SF0.5-genelen1000-summary,E,major_donor,44,4,48,91.7
SNaQ-DUP0.0-LOS0.0-RVN-N_ind2-SF0.5-genelen1000-summary,G,minor_donor,35,6,41,85.4
SNaQ-DUP0.0-LOS0.0-RVN-N_ind2-SF0.5-genelen1000-summary,H,minor_donor,35,6,41,85.4
SNaQ-DUP0.0-LOS0.0-RVN-N_ind2-SF0.5-genelen1000-summary,C,minor_donor,35,5,40,87.5
SNaQ-DUP0.0-LOS0.0-RVN-N_ind2-SF0.5-genelen1000-summary,B,minor_donor,30,5,35,85.7
SNaQ-DUP0.0-LOS0.0-RVN-N_ind2-SF0.5-genelen1000-summary,E,minor_donor,27,2,29,93.1
SNaQ-DUP0.0-LOS0.0-RVN-N_ind2-SF0.5-genelen1000-summary,D,minor_donor,25,2,27,92.6
SNaQ-DUP0.0-LOS0.0-RVN-N_ind2-SF0.5-genelen1000-summary,E,hybrid_taxon,24,0,24,100.0
SNaQ-DUP0.0-LOS0.0-RVN-N_ind2-SF0.5-genelen1000-summary,F,minor_donor,24,0,24,100.0
SNaQ-DUP0.0-LOS0.0-RVN-N_ind2-SF0.5-genelen1000-summary,F,hybrid_taxon,12,11,23,52.2
SNaQ-DUP0.0-LOS0.0-RVN-N_ind2-SF0.5-genelen1000-summary,F,major_donor,23,0,23,100.0
SNaQ-DUP0.0-LOS0.0-RVN-N_ind2-SF0.5-genelen1000-summary,D,hybrid_taxon,22,0,22,100.0
SNaQ-DUP0.0-LOS0.0-RVN-N_ind2-SF0.5-genelen1000-summary,C,hybrid_taxon,21,0,21,100.0
SNaQ-DUP0.0-LOS0.0-RVN-N_ind2-SF0.5-genelen1000-summary,H,hybrid_taxon,20,0,20,100.0
SNaQ-DUP0.0-LOS0.0-RVN-N_ind2-SF0.5-genelen1000-summary,B,hybrid_taxon,17,0,17,100.0
SNaQ-DUP0.0-LOS0.0-RVN-N_ind2-SF0.5-genelen1000-summary,G,hybrid_taxon,16,0,16,100.0
SNaQ-DUP0.0-LOS0.0-RVN-N_ind2-SF0.5-genelen1000-summary,G,major_donor,11,5,16,68.8
SNaQ-DUP0.0-LOS0.0-RVN-N_ind2-SF0.5-genelen1000-summary,H,major_donor,7,5,12,58.3
SNaQ-DUP0.0-LOS0.0-RVN-N_ind2-SF0.5-genelen1000-summary,A,hybrid_taxon,6,0,6,100.0
SNaQ-DUP0.0-LOS0.0-RVN-N_ind2-SF1.0-genelen1000-summary,E,major_donor,42,8,50,84.0
SNaQ-DUP0.0-LOS0.0-RVN-N_ind2-SF1.0-genelen1000-summary,D,major_donor,40,8,48,83.3
SNaQ-DUP0.0-LOS0.0-RVN-N_ind2-SF1.0-genelen1000-summary,G,minor_donor,45,3,48,93.8
SNaQ-DUP0.0-LOS0.0-RVN-N_ind2-SF1.0-genelen1000-summary,H,minor_donor,44,3,47,93.6
SNaQ-DUP0.0-LOS0.0-RVN-N_ind2-SF1.0-genelen1000-summary,C,major_donor,38,7,45,84.4
SNaQ-DUP0.0-LOS0.0-RVN-N_ind2-SF1.0-genelen1000-summary,B,major_donor,37,7,44,84.1
SNaQ-DUP0.0-LOS0.0-RVN-N_ind2-SF1.0-genelen1000-summary,C,minor_donor,25,7,32,78.1
SNaQ-DUP0.0-LOS0.0-RVN-N_ind2-SF1.0-genelen1000-summary,B,minor_donor,24,7,31,77.4
SNaQ-DUP0.0-LOS0.0-RVN-N_ind2-SF1.0-genelen1000-summary,D,hybrid_taxon,30,0,30,100.0
SNaQ-DUP0.0-LOS0.0-RVN-N_ind2-SF1.0-genelen1000-summary,D,minor_donor,22,8,30,73.3
SNaQ-DUP0.0-LOS0.0-RVN-N_ind2-SF1.0-genelen1000-summary,E,minor_donor,22,8,30,73.3
SNaQ-DUP0.0-LOS0.0-RVN-N_ind2-SF1.0-genelen1000-summary,E,hybrid_taxon,28,0,28,100.0
SNaQ-DUP0.0-LOS0.0-RVN-N_ind2-SF1.0-genelen1000-summary,B,hybrid_taxon,27,0,27,100.0
SNaQ-DUP0.0-LOS0.0-RVN-N_ind2-SF1.0-genelen1000-summary,C,hybrid_taxon,26,0,26,100.0
SNaQ-DUP0.0-LOS0.0-RVN-N_ind2-SF1.0-genelen1000-summary,F,minor_donor,24,0,24,100.0
SNaQ-DUP0.0-LOS0.0-RVN-N_ind2-SF1.0-genelen1000-summary,H,major_donor,7,11,18,38.9
SNaQ-DUP0.0-LOS0.0-RVN-N_ind2-SF1.0-genelen1000-summary,F,major_donor,18,0,18,100.0
SNaQ-DUP0.0-LOS0.0-RVN-N_ind2-SF1.0-genelen1000-summary,F,hybrid_taxon,3,14,17,17.6
SNaQ-DUP0.0-LOS0.0-RVN-N_ind2-SF1.0-genelen1000-summary,G,major_donor,5,11,16,31.2
SNaQ-DUP0.0-LOS0.0-RVN-N_ind2-SF1.0-genelen1000-summary,G,hybrid_taxon,15,0,15,100.0
SNaQ-DUP0.0-LOS0.0-RVN-N_ind2-SF1.0-genelen1000-summary,H,hybrid_taxon,13,0,13,100.0
SNaQ-DUP0.0-LOS0.0-RVN-N_ind2-SF1.0-genelen1000-summary,A,hybrid_taxon,2,0,2,100.0
SNaQ-DUP0.0003-LOS0.0003-RVG-N_ind1-SF0.5-genelen1000-summary,C,major_donor,92,0,92,100.0
SNaQ-DUP0.0003-LOS0.0003-RVG-N_ind1-SF0.5-genelen1000-summary,E,major_donor,92,0,92,100.0
SNaQ-DUP0.0003-LOS0.0003-RVG-N_ind1-SF0.5-genelen1000-summary,B,major_donor,91,0,91,100.0
SNaQ-DUP0.0003-LOS0.0003-RVG-N_ind1-SF0.5-genelen1000-summary,D,major_donor,91,0,91,100.0
SNaQ-DUP0.0003-LOS0.0003-RVG-N_ind1-SF0.5-genelen1000-summary,G,hybrid_taxon,85,0,85,100.0
SNaQ-DUP0.0003-LOS0.0003-RVG-N_ind1-SF0.5-genelen1000-summary,H,hybrid_taxon,85,0,85,100.0
SNaQ-DUP0.0003-LOS0.0003-RVG-N_ind1-SF0.5-genelen1000-summary,F,major_donor,85,0,85,100.0
SNaQ-DUP0.0003-LOS0.0003-RVG-N_ind1-SF0.5-genelen1000-summary,E,minor_donor,26,0,26,100.0
SNaQ-DUP0.0003-LOS0.0003-RVG-N_ind1-SF0.5-genelen1000-summary,D,minor_donor,26,0,26,100.0
SNaQ-DUP0.0003-LOS0.0003-RVG-N_ind1-SF0.5-genelen1000-summary,C,minor_donor,22,0,22,100.0
SNaQ-DUP0.0003-LOS0.0003-RVG-N_ind1-SF0.5-genelen1000-summary,B,minor_donor,20,0,20,100.0
SNaQ-DUP0.0003-LOS0.0003-RVG-N_ind1-SF0.5-genelen1000-summary,H,minor_donor,9,0,9,100.0
SNaQ-DUP0.0003-LOS0.0003-RVG-N_ind1-SF0.5-genelen1000-summary,B,hybrid_taxon,8,0,8,100.0
SNaQ-DUP0.0003-LOS0.0003-RVG-N_ind1-SF0.5-genelen1000-summary,G,minor_donor,8,0,8,100.0
SNaQ-DUP0.0003-LOS0.0003-RVG-N_ind1-SF0.5-genelen1000-summary,C,hybrid_taxon,7,0,7,100.0
SNaQ-DUP0.0003-LOS0.0003-RVG-N_ind1-SF0.5-genelen1000-summary,D,hybrid_taxon,6,0,6,100.0
SNaQ-DUP0.0003-LOS0.0003-RVG-N_ind1-SF0.5-genelen1000-summary,E,hybrid_taxon,5,0,5,100.0
SNaQ-DUP0.0003-LOS0.0003-RVG-N_ind1-SF0.5-genelen1000-summary,F,minor_donor,2,0,2,100.0
SNaQ-DUP0.0003-LOS0.0003-RVG-N_ind1-SF1.0-genelen1000-summary,D,major_donor,60,0,60,100.0
SNaQ-DUP0.0003-LOS0.0003-RVG-N_ind1-SF1.0-genelen1000-summary,E,major_donor,59,0,59,100.0
SNaQ-DUP0.0003-LOS0.0003-RVG-N_ind1-SF1.0-genelen1000-summary,C,major_donor,57,1,58,98.3
SNaQ-DUP0.0003-LOS0.0003-RVG-N_ind1-SF1.0-genelen1000-summary,B,major_donor,54,1,55,98.2
SNaQ-DUP0.0003-LOS0.0003-RVG-N_ind1-SF1.0-genelen1000-summary,G,hybrid_taxon,50,0,50,100.0
SNaQ-DUP0.0003-LOS0.0003-RVG-N_ind1-SF1.0-genelen1000-summary,F,major_donor,49,0,49,100.0
SNaQ-DUP0.0003-LOS0.0003-RVG-N_ind1-SF1.0-genelen1000-summary,H,hybrid_taxon,47,0,47,100.0
SNaQ-DUP0.0003-LOS0.0003-RVG-N_ind1-SF1.0-genelen1000-summary,D,minor_donor,25,2,27,92.6
SNaQ-DUP0.0003-LOS0.0003-RVG-N_ind1-SF1.0-genelen1000-summary,E,minor_donor,23,2,25,92.0
SNaQ-DUP0.0003-LOS0.0003-RVG-N_ind1-SF1.0-genelen1000-summary,B,minor_donor,24,0,24,100.0
SNaQ-DUP0.0003-LOS0.0003-RVG-N_ind1-SF1.0-genelen1000-summary,H,minor_donor,23,1,24,95.8
SNaQ-DUP0.0003-LOS0.0003-RVG-N_ind1-SF1.0-genelen1000-summary,B,hybrid_taxon,21,0,21,100.0
SNaQ-DUP0.0003-LOS0.0003-RVG-N_ind1-SF1.0-genelen1000-summary,G,minor_donor,19,1,20,95.0
SNaQ-DUP0.0003-LOS0.0003-RVG-N_ind1-SF1.0-genelen1000-summary,C,hybrid_taxon,18,0,18,100.0
SNaQ-DUP0.0003-LOS0.0003-RVG-N_ind1-SF1.0-genelen1000-summary,C,minor_donor,18,0,18,100.0
SNaQ-DUP0.0003-LOS0.0003-RVG-N_ind1-SF1.0-genelen1000-summary,E,hybrid_taxon,16,0,16,100.0
SNaQ-DUP0.0003-LOS0.0003-RVG-N_ind1-SF1.0-genelen1000-summary,D,hybrid_taxon,15,0,15,100.0
SNaQ-DUP0.0003-LOS0.0003-RVG-N_ind1-SF1.0-genelen1000-summary,H,major_donor,9,2,11,81.8
SNaQ-DUP0.0003-LOS0.0003-RVG-N_ind1-SF1.0-genelen1000-summary,F,minor_donor,10,0,10,100.0
SNaQ-DUP0.0003-LOS0.0003-RVG-N_ind1-SF1.0-genelen1000-summary,G,major_donor,6,2,8,75.0
SNaQ-DUP0.0003-LOS0.0003-RVG-N_ind1-SF1.0-genelen1000-summary,F,hybrid_taxon,2,3,5,40.0
SNaQ-DUP0.0003-LOS0.0003-RVG-N_ind1-SF1.0-genelen1000-summary,A,hybrid_taxon,1,0,1,100.0
SNaQ-DUP0.0003-LOS0.0003-RVG-N_ind2-SF0.5-genelen1000-summary,B,major_donor,98,0,98,100.0
SNaQ-DUP0.0003-LOS0.0003-RVG-N_ind2-SF0.5-genelen1000-summary,C,major_donor,98,0,98,100.0
SNaQ-DUP0.0003-LOS0.0003-RVG-N_ind2-SF0.5-genelen1000-summary,G,hybrid_taxon,97,0,97,100.0
SNaQ-DUP0.0003-LOS0.0003-RVG-N_ind2-SF0.5-genelen1000-summary,H,hybrid_taxon,97,0,97,100.0
SNaQ-DUP0.0003-LOS0.0003-RVG-N_ind2-SF0.5-genelen1000-summary,D,major_donor,97,0,97,100.0
SNaQ-DUP0.0003-LOS0.0003-RVG-N_ind2-SF0.5-genelen1000-summary,E,major_donor,97,0,97,100.0
SNaQ-DUP0.0003-LOS0.0003-RVG-N_ind2-SF0.5-genelen1000-summary,F,major_donor,97,0,97,100.0
SNaQ-DUP0.0003-LOS0.0003-RVG-N_ind2-SF0.5-genelen1000-summary,B,minor_donor,31,0,31,100.0
SNaQ-DUP0.0003-LOS0.0003-RVG-N_ind2-SF0.5-genelen1000-summary,C,minor_donor,28,0,28,100.0
SNaQ-DUP0.0003-LOS0.0003-RVG-N_ind2-SF0.5-genelen1000-summary,E,minor_donor,22,0,22,100.0
SNaQ-DUP0.0003-LOS0.0003-RVG-N_ind2-SF0.5-genelen1000-summary,D,minor_donor,21,0,21,100.0
SNaQ-DUP0.0003-LOS0.0003-RVG-N_ind2-SF0.5-genelen1000-summary,D,hybrid_taxon,2,0,2,100.0
SNaQ-DUP0.0003-LOS0.0003-RVG-N_ind2-SF0.5-genelen1000-summary,E,hybrid_taxon,2,0,2,100.0
SNaQ-DUP0.0003-LOS0.0003-RVG-N_ind2-SF0.5-genelen1000-summary,H,minor_donor,2,0,2,100.0
SNaQ-DUP0.0003-LOS0.0003-RVG-N_ind2-SF0.5-genelen1000-summary,B,hybrid_taxon,1,0,1,100.0
SNaQ-DUP0.0003-LOS0.0003-RVG-N_ind2-SF0.5-genelen1000-summary,C,hybrid_taxon,1,0,1,100.0
SNaQ-DUP0.0003-LOS0.0003-RVG-N_ind2-SF0.5-genelen1000-summary,F,minor_donor,1,0,1,100.0
SNaQ-DUP0.0003-LOS0.0003-RVG-N_ind2-SF0.5-genelen1000-summary,G,minor_donor,1,0,1,100.0
SNaQ-DUP0.0003-LOS0.0003-RVG-N_ind2-SF1.0-genelen1000-summary,C,major_donor,73,3,76,96.1
SNaQ-DUP0.0003-LOS0.0003-RVG-N_ind2-SF1.0-genelen1000-summary,B,major_donor,72,3,75,96.0
SNaQ-DUP0.0003-LOS0.0003-RVG-N_ind2-SF1.0-genelen1000-summary,D,major_donor,62,5,67,92.5
SNaQ-DUP0.0003-LOS0.0003-RVG-N_ind2-SF1.0-genelen1000-summary,E,major_donor,62,5,67,92.5
SNaQ-DUP0.0003-LOS0.0003-RVG-N_ind2-SF1.0-genelen1000-summary,F,major_donor,57,0,57,100.0
SNaQ-DUP0.0003-LOS0.0003-RVG-N_ind2-SF1.0-genelen1000-summary,H,hybrid_taxon,53,0,53,100.0
SNaQ-DUP0.0003-LOS0.0003-RVG-N_ind2-SF1.0-genelen1000-summary,G,hybrid_taxon,52,0,52,100.0
SNaQ-DUP0.0003-LOS0.0003-RVG-N_ind2-SF1.0-genelen1000-summary,B,minor_donor,25,4,29,86.2
SNaQ-DUP0.0003-LOS0.0003-RVG-N_ind2-SF1.0-genelen1000-summary,H,minor_donor,26,2,28,92.9
SNaQ-DUP0.0003-LOS0.0003-RVG-N_ind2-SF1.0-genelen1000-summary,C,minor_donor,24,4,28,85.7
SNaQ-DUP0.0003-LOS0.0003-RVG-N_ind2-SF1.0-genelen1000-summary,D,hybrid_taxon,25,0,25,100.0
SNaQ-DUP0.0003-LOS0.0003-RVG-N_ind2-SF1.0-genelen1000-summary,E,hybrid_taxon,25,0,25,100.0
SNaQ-DUP0.0003-LOS0.0003-RVG-N_ind2-SF1.0-genelen1000-summary,G,minor_donor,21,2,23,91.3
SNaQ-DUP0.0003-LOS0.0003-RVG-N_ind2-SF1.0-genelen1000-summary,D,minor_donor,19,1,20,95.0
SNaQ-DUP0.0003-LOS0.0003-RVG-N_ind2-SF1.0-genelen1000-summary,E,minor_donor,16,1,17,94.1
SNaQ-DUP0.0003-LOS0.0003-RVG-N_ind2-SF1.0-genelen1000-summary,B,hybrid_taxon,14,0,14,100.0
SNaQ-DUP0.0003-LOS0.0003-RVG-N_ind2-SF1.0-genelen1000-summary,C,hybrid_taxon,13,0,13,100.0
SNaQ-DUP0.0003-LOS0.0003-RVG-N_ind2-SF1.0-genelen1000-summary,F,minor_donor,13,0,13,100.0
SNaQ-DUP0.0003-LOS0.0003-RVG-N_ind2-SF1.0-genelen1000-summary,F,hybrid_taxon,1,7,8,12.5
SNaQ-DUP0.0003-LOS0.0003-RVG-N_ind2-SF1.0-genelen1000-summary,G,major_donor,3,5,8,37.5
SNaQ-DUP0.0003-LOS0.0003-RVG-N_ind2-SF1.0-genelen1000-summary,H,major_donor,2,5,7,28.6
SNaQ-DUP0.0003-LOS0.0003-RVG-N_ind2-SF1.0-genelen1000-summary,A,hybrid_taxon,2,0,2,100.0
SNaQ-DUP0.0003-LOS0.0003-RVL-N_ind1-SF0.5-genelen1000-summary,B,major_donor,45,15,60,75.0
SNaQ-DUP0.0003-LOS0.0003-RVL-N_ind1-SF0.5-genelen1000-summary,C,major_donor,44,15,59,74.6
SNaQ-DUP0.0003-LOS0.0003-RVL-N_ind1-SF0.5-genelen1000-summary,H,minor_donor,31,23,54,57.4
SNaQ-DUP0.0003-LOS0.0003-RVL-N_ind1-SF0.5-genelen1000-summary,G,minor_donor,29,23,52,55.8
SNaQ-DUP0.0003-LOS0.0003-RVL-N_ind1-SF0.5-genelen1000-summary,D,major_donor,41,10,51,80.4
SNaQ-DUP0.0003-LOS0.0003-RVL-N_ind1-SF0.5-genelen1000-summary,F,hybrid_taxon,24,26,50,48.0
SNaQ-DUP0.0003-LOS0.0003-RVL-N_ind1-SF0.5-genelen1000-summary,E,major_donor,40,10,50,80.0
SNaQ-DUP0.0003-LOS0.0003-RVL-N_ind1-SF0.5-genelen1000-summary,B,minor_donor,33,12,45,73.3
SNaQ-DUP0.0003-LOS0.0003-RVL-N_ind1-SF0.5-genelen1000-summary,C,minor_donor,29,12,41,70.7
SNaQ-DUP0.0003-LOS0.0003-RVL-N_ind1-SF0.5-genelen1000-summary,D,minor_donor,17,13,30,56.7
SNaQ-DUP0.0003-LOS0.0003-RVL-N_ind1-SF0.5-genelen1000-summary,E,minor_donor,17,13,30,56.7
SNaQ-DUP0.0003-LOS0.0003-RVL-N_ind1-SF0.5-genelen1000-summary,E,hybrid_taxon,20,0,20,100.0
SNaQ-DUP0.0003-LOS0.0003-RVL-N_ind1-SF0.5-genelen1000-summary,D,hybrid_taxon,19,0,19,100.0
SNaQ-DUP0.0003-LOS0.0003-RVL-N_ind1-SF0.5-genelen1000-summary,C,hybrid_taxon,18,0,18,100.0
SNaQ-DUP0.0003-LOS0.0003-RVL-N_ind1-SF0.5-genelen1000-summary,B,hybrid_taxon,17,0,17,100.0
SNaQ-DUP0.0003-LOS0.0003-RVL-N_ind1-SF0.5-genelen1000-summary,F,major_donor,13,0,13,100.0
SNaQ-DUP0.0003-LOS0.0003-RVL-N_ind1-SF0.5-genelen1000-summary,F,minor_donor,13,0,13,100.0
SNaQ-DUP0.0003-LOS0.0003-RVL-N_ind1-SF0.5-genelen1000-summary,G,hybrid_taxon,9,0,9,100.0
SNaQ-DUP0.0003-LOS0.0003-RVL-N_ind1-SF0.5-genelen1000-summary,H,major_donor,6,3,9,66.7
SNaQ-DUP0.0003-LOS0.0003-RVL-N_ind1-SF0.5-genelen1000-summary,H,hybrid_taxon,6,0,6,100.0
SNaQ-DUP0.0003-LOS0.0003-RVL-N_ind1-SF0.5-genelen1000-summary,G,major_donor,3,3,6,50.0
SNaQ-DUP0.0003-LOS0.0003-RVL-N_ind1-SF0.5-genelen1000-summary,A,hybrid_taxon,1,0,1,100.0
SNaQ-DUP0.0003-LOS0.0003-RVL-N_ind1-SF1.0-genelen1000-summary,D,major_donor,42,6,48,87.5
SNaQ-DUP0.0003-LOS0.0003-RVL-N_ind1-SF1.0-genelen1000-summary,E,major_donor,40,6,46,87.0
SNaQ-DUP0.0003-LOS0.0003-RVL-N_ind1-SF1.0-genelen1000-summary,E,minor_donor,33,5,38,86.8
SNaQ-DUP0.0003-LOS0.0003-RVL-N_ind1-SF1.0-genelen1000-summary,B,hybrid_taxon,36,0,36,100.0
SNaQ-DUP0.0003-LOS0.0003-RVL-N_ind1-SF1.0-genelen1000-summary,C,hybrid_taxon,34,0,34,100.0
SNaQ-DUP0.0003-LOS0.0003-RVL-N_ind1-SF1.0-genelen1000-summary,C,major_donor,27,7,34,79.4
SNaQ-DUP0.0003-LOS0.0003-RVL-N_ind1-SF1.0-genelen1000-summary,B,major_donor,25,7,32,78.1
SNaQ-DUP0.0003-LOS0.0003-RVL-N_ind1-SF1.0-genelen1000-summary,B,minor_donor,23,9,32,71.9
SNaQ-DUP0.0003-LOS0.0003-RVL-N_ind1-SF1.0-genelen1000-summary,D,minor_donor,27,5,32,84.4
SNaQ-DUP0.0003-LOS0.0003-RVL-N_ind1-SF1.0-genelen1000-summary,C,minor_donor,21,9,30,70.0
SNaQ-DUP0.0003-LOS0.0003-RVL-N_ind1-SF1.0-genelen1000-summary,G,minor_donor,22,7,29,75.9
SNaQ-DUP0.0003-LOS0.0003-RVL-N_ind1-SF1.0-genelen1000-summary,H,minor_donor,21,7,28,75.0
SNaQ-DUP0.0003-LOS0.0003-RVL-N_ind1-SF1.0-genelen1000-summary,F,major_donor,21,0,21,100.0
SNaQ-DUP0.0003-LOS0.0003-RVL-N_ind1-SF1.0-genelen1000-summary,F,minor_donor,21,0,21,100.0
SNaQ-DUP0.0003-LOS0.0003-RVL-N_ind1-SF1.0-genelen1000-summary,E,hybrid_taxon,19,0,19,100.0
SNaQ-DUP0.0003-LOS0.0003-RVL-N_ind1-SF1.0-genelen1000-summary,F,hybrid_taxon,3,15,18,16.7
SNaQ-DUP0.0003-LOS0.0003-RVL-N_ind1-SF1.0-genelen1000-summary,D,hybrid_taxon,17,0,17,100.0
SNaQ-DUP0.0003-LOS0.0003-RVL-N_ind1-SF1.0-genelen1000-summary,G,major_donor,9,8,17,52.9
SNaQ-DUP0.0003-LOS0.0003-RVL-N_ind1-SF1.0-genelen1000-summary,H,major_donor,9,8,17,52.9
SNaQ-DUP0.0003-LOS0.0003-RVL-N_ind1-SF1.0-genelen1000-summary,H,hybrid_taxon,13,0,13,100.0
SNaQ-DUP0.0003-LOS0.0003-RVL-N_ind1-SF1.0-genelen1000-summary,G,hybrid_taxon,13,0,13,100.0
SNaQ-DUP0.0003-LOS0.0003-RVL-N_ind1-SF1.0-genelen1000-summary,A,hybrid_taxon,3,0,3,100.0
SNaQ-DUP0.0003-LOS0.0003-RVL-N_ind2-SF0.5-genelen1000-summary,D,major_donor,52,13,65,80.0
SNaQ-DUP0.0003-LOS0.0003-RVL-N_ind2-SF0.5-genelen1000-summary,E,major_donor,50,13,63,79.4
SNaQ-DUP0.0003-LOS0.0003-RVL-N_ind2-SF0.5-genelen1000-summary,B,major_donor,41,16,57,71.9
SNaQ-DUP0.0003-LOS0.0003-RVL-N_ind2-SF0.5-genelen1000-summary,C,major_donor,41,16,57,71.9
SNaQ-DUP0.0003-LOS0.0003-RVL-N_ind2-SF0.5-genelen1000-summary,G,minor_donor,36,21,57,63.2
SNaQ-DUP0.0003-LOS0.0003-RVL-N_ind2-SF0.5-genelen1000-summary,H,minor_donor,36,21,57,63.2
SNaQ-DUP0.0003-LOS0.0003-RVL-N_ind2-SF0.5-genelen1000-summary,F,hybrid_taxon,26,25,51,51.0
SNaQ-DUP0.0003-LOS0.0003-RVL-N_ind2-SF0.5-genelen1000-summary,E,minor_donor,27,10,37,73.0
SNaQ-DUP0.0003-LOS0.0003-RVL-N_ind2-SF0.5-genelen1000-summary,D,minor_donor,25,10,35,71.4
SNaQ-DUP0.0003-LOS0.0003-RVL-N_ind2-SF0.5-genelen1000-summary,B,minor_donor,22,10,32,68.8
SNaQ-DUP0.0003-LOS0.0003-RVL-N_ind2-SF0.5-genelen1000-summary,C,minor_donor,20,10,30,66.7
SNaQ-DUP0.0003-LOS0.0003-RVL-N_ind2-SF0.5-genelen1000-summary,B,hybrid_taxon,22,0,22,100.0
SNaQ-DUP0.0003-LOS0.0003-RVL-N_ind2-SF0.5-genelen1000-summary,C,hybrid_taxon,22,0,22,100.0
SNaQ-DUP0.0003-LOS0.0003-RVL-N_ind2-SF0.5-genelen1000-summary,F,minor_donor,18,0,18,100.0
SNaQ-DUP0.0003-LOS0.0003-RVL-N_ind2-SF0.5-genelen1000-summary,E,hybrid_taxon,15,0,15,100.0
SNaQ-DUP0.0003-LOS0.0003-RVL-N_ind2-SF0.5-genelen1000-summary,D,hybrid_taxon,13,0,13,100.0
SNaQ-DUP0.0003-LOS0.0003-RVL-N_ind2-SF0.5-genelen1000-summary,H,major_donor,8,4,12,66.7
SNaQ-DUP0.0003-LOS0.0003-RVL-N_ind2-SF0.5-genelen1000-summary,F,major_donor,10,0,10,100.0
SNaQ-DUP0.0003-LOS0.0003-RVL-N_ind2-SF0.5-genelen1000-summary,G,major_donor,6,4,10,60.0
SNaQ-DUP0.0003-LOS0.0003-RVL-N_ind2-SF0.5-genelen1000-summary,G,hybrid_taxon,9,0,9,100.0
SNaQ-DUP0.0003-LOS0.0003-RVL-N_ind2-SF0.5-genelen1000-summary,H,hybrid_taxon,7,0,7,100.0
SNaQ-DUP0.0003-LOS0.0003-RVL-N_ind2-SF0.5-genelen1000-summary,A,hybrid_taxon,4,0,4,100.0
SNaQ-DUP0.0003-LOS0.0003-RVL-N_ind2-SF1.0-genelen1000-summary,G,minor_donor,36,18,54,66.7
SNaQ-DUP0.0003-LOS0.0003-RVL-N_ind2-SF1.0-genelen1000-summary,H,minor_donor,36,18,54,66.7
SNaQ-DUP0.0003-LOS0.0003-RVL-N_ind2-SF1.0-genelen1000-summary,B,major_donor,30,14,44,68.2
SNaQ-DUP0.0003-LOS0.0003-RVL-N_ind2-SF1.0-genelen1000-summary,C,major_donor,26,14,40,65.0
SNaQ-DUP0.0003-LOS0.0003-RVL-N_ind2-SF1.0-genelen1000-summary,E,major_donor,27,10,37,73.0
SNaQ-DUP0.0003-LOS0.0003-RVL-N_ind2-SF1.0-genelen1000-summary,D,minor_donor,20,16,36,55.6
SNaQ-DUP0.0003-LOS0.0003-RVL-N_ind2-SF1.0-genelen1000-summary,E,minor_donor,20,16,36,55.6
SNaQ-DUP0.0003-LOS0.0003-RVL-N_ind2-SF1.0-genelen1000-summary,D,hybrid_taxon,35,0,35,100.0
SNaQ-DUP0.0003-LOS0.0003-RVL-N_ind2-SF1.0-genelen1000-summary,B,minor_donor,21,13,34,61.8
SNaQ-DUP0.0003-LOS0.0003-RVL-N_ind2-SF1.0-genelen1000-summary,D,major_donor,22,10,32,68.8
SNaQ-DUP0.0003-LOS0.0003-RVL-N_ind2-SF1.0-genelen1000-summary,C,minor_donor,19,13,32,59.4
SNaQ-DUP0.0003-LOS0.0003-RVL-N_ind2-SF1.0-genelen1000-summary,F,hybrid_taxon,2,29,31,6.5
SNaQ-DUP0.0003-LOS0.0003-RVL-N_ind2-SF1.0-genelen1000-summary,E,hybrid_taxon,30,0,30,100.0
SNaQ-DUP0.0003-LOS0.0003-RVL-N_ind2-SF1.0-genelen1000-summary,C,hybrid_taxon,29,0,29,100.0
SNaQ-DUP0.0003-LOS0.0003-RVL-N_ind2-SF1.0-genelen1000-summary,B,hybrid_taxon,25,0,25,100.0
SNaQ-DUP0.0003-LOS0.0003-RVL-N_ind2-SF1.0-genelen1000-summary,F,major_donor,22,0,22,100.0
SNaQ-DUP0.0003-LOS0.0003-RVL-N_ind2-SF1.0-genelen1000-summary,F,minor_donor,21,0,21,100.0
SNaQ-DUP0.0003-LOS0.0003-RVL-N_ind2-SF1.0-genelen1000-summary,G,major_donor,2,11,13,15.4
SNaQ-DUP0.0003-LOS0.0003-RVL-N_ind2-SF1.0-genelen1000-summary,H,major_donor,2,11,13,15.4
SNaQ-DUP0.0003-LOS0.0003-RVL-N_ind2-SF1.0-genelen1000-summary,H,hybrid_taxon,8,0,8,100.0
SNaQ-DUP0.0003-LOS0.0003-RVL-N_ind2-SF1.0-genelen1000-summary,G,hybrid_taxon,8,0,8,100.0
SNaQ-DUP0.0003-LOS0.0003-RVL-N_ind2-SF1.0-genelen1000-summary,A,hybrid_taxon,2,0,2,100.0
SNaQ-DUP0.0003-LOS0.0003-RVN-N_ind1-SF0.5-genelen1000-summary,D,major_donor,51,9,60,85.0
SNaQ-DUP0.0003-LOS0.0003-RVN-N_ind1-SF0.5-genelen1000-summary,E,major_donor,45,9,54,83.3
SNaQ-DUP0.0003-LOS0.0003-RVN-N_ind1-SF0.5-genelen1000-summary,B,major_donor,46,4,50,92.0
SNaQ-DUP0.0003-LOS0.0003-RVN-N_ind1-SF0.5-genelen1000-summary,C,major_donor,42,4,46,91.3
SNaQ-DUP0.0003-LOS0.0003-RVN-N_ind1-SF0.5-genelen1000-summary,G,minor_donor,36,5,41,87.8
SNaQ-DUP0.0003-LOS0.0003-RVN-N_ind1-SF0.5-genelen1000-summary,H,minor_donor,36,5,41,87.8
SNaQ-DUP0.0003-LOS0.0003-RVN-N_ind1-SF0.5-genelen1000-summary,E,minor_donor,31,6,37,83.8
SNaQ-DUP0.0003-LOS0.0003-RVN-N_ind1-SF0.5-genelen1000-summary,D,minor_donor,29,6,35,82.9
SNaQ-DUP0.0003-LOS0.0003-RVN-N_ind1-SF0.5-genelen1000-summary,C,minor_donor,24,10,34,70.6
SNaQ-DUP0.0003-LOS0.0003-RVN-N_ind1-SF0.5-genelen1000-summary,B,minor_donor,19,10,29,65.5
SNaQ-DUP0.0003-LOS0.0003-RVN-N_ind1-SF0.5-genelen1000-summary,F,minor_donor,28,0,28,100.0
SNaQ-DUP0.0003-LOS0.0003-RVN-N_ind1-SF0.5-genelen1000-summary,C,hybrid_taxon,27,0,27,100.0
SNaQ-DUP0.0003-LOS0.0003-RVN-N_ind1-SF0.5-genelen1000-summary,F,hybrid_taxon,11,13,24,45.8
SNaQ-DUP0.0003-LOS0.0003-RVN-N_ind1-SF0.5-genelen1000-summary,B,hybrid_taxon,23,0,23,100.0
SNaQ-DUP0.0003-LOS0.0003-RVN-N_ind1-SF0.5-genelen1000-summary,E,hybrid_taxon,22,0,22,100.0
SNaQ-DUP0.0003-LOS0.0003-RVN-N_ind1-SF0.5-genelen1000-summary,F,major_donor,19,0,19,100.0
SNaQ-DUP0.0003-LOS0.0003-RVN-N_ind1-SF0.5-genelen1000-summary,G,major_donor,9,8,17,52.9
SNaQ-DUP0.0003-LOS0.0003-RVN-N_ind1-SF0.5-genelen1000-summary,H,major_donor,9,8,17,52.9
SNaQ-DUP0.0003-LOS0.0003-RVN-N_ind1-SF0.5-genelen1000-summary,D,hybrid_taxon,16,0,16,100.0
SNaQ-DUP0.0003-LOS0.0003-RVN-N_ind1-SF0.5-genelen1000-summary,G,hybrid_taxon,14,0,14,100.0
SNaQ-DUP0.0003-LOS0.0003-RVN-N_ind1-SF0.5-genelen1000-summary,H,hybrid_taxon,14,0,14,100.0
SNaQ-DUP0.0003-LOS0.0003-RVN-N_ind1-SF0.5-genelen1000-summary,A,hybrid_taxon,8,0,8,100.0
SNaQ-DUP0.0003-LOS0.0003-RVN-N_ind1-SF1.0-genelen1000-summary,D,major_donor,37,13,50,74.0
SNaQ-DUP0.0003-LOS0.0003-RVN-N_ind1-SF1.0-genelen1000-summary,E,major_donor,35,13,48,72.9
SNaQ-DUP0.0003-LOS0.0003-RVN-N_ind1-SF1.0-genelen1000-summary,B,major_donor,37,11,48,77.1
SNaQ-DUP0.0003-LOS0.0003-RVN-N_ind1-SF1.0-genelen1000-summary,C,major_donor,36,11,47,76.6
SNaQ-DUP0.0003-LOS0.0003-RVN-N_ind1-SF1.0-genelen1000-summary,B,minor_donor,26,12,38,68.4
SNaQ-DUP0.0003-LOS0.0003-RVN-N_ind1-SF1.0-genelen1000-summary,C,minor_donor,24,12,36,66.7
SNaQ-DUP0.0003-LOS0.0003-RVN-N_ind1-SF1.0-genelen1000-summary,H,minor_donor,27,8,35,77.1
SNaQ-DUP0.0003-LOS0.0003-RVN-N_ind1-SF1.0-genelen1000-summary,G,minor_donor,26,8,34,76.5
SNaQ-DUP0.0003-LOS0.0003-RVN-N_ind1-SF1.0-genelen1000-summary,D,minor_donor,19,12,31,61.3
SNaQ-DUP0.0003-LOS0.0003-RVN-N_ind1-SF1.0-genelen1000-summary,E,minor_donor,17,12,29,58.6
SNaQ-DUP0.0003-LOS0.0003-RVN-N_ind1-SF1.0-genelen1000-summary,H,major_donor,13,14,27,48.1
SNaQ-DUP0.0003-LOS0.0003-RVN-N_ind1-SF1.0-genelen1000-summary,G,major_donor,11,14,25,44.0
SNaQ-DUP0.0003-LOS0.0003-RVN-N_ind1-SF1.0-genelen1000-summary,F,minor_donor,25,0,25,100.0
SNaQ-DUP0.0003-LOS0.0003-RVN-N_ind1-SF1.0-genelen1000-summary,F,hybrid_taxon,2,22,24,8.3
SNaQ-DUP0.0003-LOS0.0003-RVN-N_ind1-SF1.0-genelen1000-summary,C,hybrid_taxon,20,0,20,100.0
SNaQ-DUP0.0003-LOS0.0003-RVN-N_ind1-SF1.0-genelen1000-summary,B,hybrid_taxon,19,0,19,100.0
SNaQ-DUP0.0003-LOS0.0003-RVN-N_ind1-SF1.0-genelen1000-summary,F,major_donor,19,0,19,100.0
SNaQ-DUP0.0003-LOS0.0003-RVN-N_ind1-SF1.0-genelen1000-summary,E,hybrid_taxon,16,0,16,100.0
SNaQ-DUP0.0003-LOS0.0003-RVN-N_ind1-SF1.0-genelen1000-summary,G,hybrid_taxon,16,0,16,100.0
SNaQ-DUP0.0003-LOS0.0003-RVN-N_ind1-SF1.0-genelen1000-summary,D,hybrid_taxon,14,0,14,100.0
SNaQ-DUP0.0003-LOS0.0003-RVN-N_ind1-SF1.0-genelen1000-summary,H,hybrid_taxon,14,0,14,100.0
SNaQ-DUP0.0003-LOS0.0003-RVN-N_ind1-SF1.0-genelen1000-summary,A,hybrid_taxon,7,0,7,100.0
SNaQ-DUP0.0003-LOS0.0003-RVN-N_ind2-SF0.5-genelen1000-summary,E,major_donor,50,3,53,94.3
SNaQ-DUP0.0003-LOS0.0003-RVN-N_ind2-SF0.5-genelen1000-summary,D,major_donor,46,3,49,93.9
SNaQ-DUP0.0003-LOS0.0003-RVN-N_ind2-SF0.5-genelen1000-summary,C,major_donor,44,4,48,91.7
SNaQ-DUP0.0003-LOS0.0003-RVN-N_ind2-SF0.5-genelen1000-summary,B,major_donor,39,4,43,90.7
SNaQ-DUP0.0003-LOS0.0003-RVN-N_ind2-SF0.5-genelen1000-summary,D,minor_donor,31,4,35,88.6
SNaQ-DUP0.0003-LOS0.0003-RVN-N_ind2-SF0.5-genelen1000-summary,E,minor_donor,31,4,35,88.6
SNaQ-DUP0.0003-LOS0.0003-RVN-N_ind2-SF0.5-genelen1000-summary,C,minor_donor,29,3,32,90.6
SNaQ-DUP0.0003-LOS0.0003-RVN-N_ind2-SF0.5-genelen1000-summary,G,minor_donor,30,1,31,96.8
SNaQ-DUP0.0003-LOS0.0003-RVN-N_ind2-SF0.5-genelen1000-summary,H,minor_donor,30,1,31,96.8
SNaQ-DUP0.0003-LOS0.0003-RVN-N_ind2-SF0.5-genelen1000-summary,B,minor_donor,28,3,31,90.3
SNaQ-DUP0.0003-LOS0.0003-RVN-N_ind2-SF0.5-genelen1000-summary,D,hybrid_taxon,28,0,28,100.0
SNaQ-DUP0.0003-LOS0.0003-RVN-N_ind2-SF0.5-genelen1000-summary,F,minor_donor,28,0,28,100.0
SNaQ-DUP0.0003-LOS0.0003-RVN-N_ind2-SF0.5-genelen1000-summary,E,hybrid_taxon,24,0,24,100.0
SNaQ-DUP0.0003-LOS0.0003-RVN-N_ind2-SF0.5-genelen1000-summary,B,hybrid_taxon,23,0,23,100.0
SNaQ-DUP0.0003-LOS0.0003-RVN-N_ind2-SF0.5-genelen1000-summary,F,hybrid_taxon,15,8,23,65.2
SNaQ-DUP0.0003-LOS0.0003-RVN-N_ind2-SF0.5-genelen1000-summary,G,major_donor,14,7,21,66.7
SNaQ-DUP0.0003-LOS0.0003-RVN-N_ind2-SF0.5-genelen1000-summary,F,major_donor,19,0,19,100.0
SNaQ-DUP0.0003-LOS0.0003-RVN-N_ind2-SF0.5-genelen1000-summary,H,major_donor,12,7,19,63.2
SNaQ-DUP0.0003-LOS0.0003-RVN-N_ind2-SF0.5-genelen1000-summary,C,hybrid_taxon,18,0,18,100.0
SNaQ-DUP0.0003-LOS0.0003-RVN-N_ind2-SF0.5-genelen1000-summary,H,hybrid_taxon,15,0,15,100.0
SNaQ-DUP0.0003-LOS0.0003-RVN-N_ind2-SF0.5-genelen1000-summary,G,hybrid_taxon,13,0,13,100.0
SNaQ-DUP0.0003-LOS0.0003-RVN-N_ind2-SF0.5-genelen1000-summary,A,hybrid_taxon,10,0,10,100.0
SNaQ-DUP0.0003-LOS0.0003-RVN-N_ind2-SF1.0-genelen1000-summary,G,minor_donor,40,10,50,80.0
SNaQ-DUP0.0003-LOS0.0003-RVN-N_ind2-SF1.0-genelen1000-summary,H,minor_donor,40,10,50,80.0
SNaQ-DUP0.0003-LOS0.0003-RVN-N_ind2-SF1.0-genelen1000-summary,D,major_donor,35,13,48,72.9
SNaQ-DUP0.0003-LOS0.0003-RVN-N_ind2-SF1.0-genelen1000-summary,E,major_donor,32,13,45,71.1
SNaQ-DUP0.0003-LOS0.0003-RVN-N_ind2-SF1.0-genelen1000-summary,C,major_donor,34,7,41,82.9
SNaQ-DUP0.0003-LOS0.0003-RVN-N_ind2-SF1.0-genelen1000-summary,B,major_donor,33,7,40,82.5
SNaQ-DUP0.0003-LOS0.0003-RVN-N_ind2-SF1.0-genelen1000-summary,C,minor_donor,26,7,33,78.8
SNaQ-DUP0.0003-LOS0.0003-RVN-N_ind2-SF1.0-genelen1000-summary,E,hybrid_taxon,28,0,28,100.0
SNaQ-DUP0.0003-LOS0.0003-RVN-N_ind2-SF1.0-genelen1000-summary,B,minor_donor,19,7,26,73.1
SNaQ-DUP0.0003-LOS0.0003-RVN-N_ind2-SF1.0-genelen1000-summary,D,minor_donor,19,7,26,73.1
SNaQ-DUP0.0003-LOS0.0003-RVN-N_ind2-SF1.0-genelen1000-summary,D,hybrid_taxon,25,0,25,100.0
SNaQ-DUP0.0003-LOS0.0003-RVN-N_ind2-SF1.0-genelen1000-summary,F,minor_donor,25,0,25,100.0
SNaQ-DUP0.0003-LOS0.0003-RVN-N_ind2-SF1.0-genelen1000-summary,E,minor_donor,15,7,22,68.2
SNaQ-DUP0.0003-LOS0.0003-RVN-N_ind2-SF1.0-genelen1000-summary,G,major_donor,12,8,20,60.0
SNaQ-DUP0.0003-LOS0.0003-RVN-N_ind2-SF1.0-genelen1000-summary,F,hybrid_taxon,1,18,19,5.3
SNaQ-DUP0.0003-LOS0.0003-RVN-N_ind2-SF1.0-genelen1000-summary,B,hybrid_taxon,18,0,18,100.0
SNaQ-DUP0.0003-LOS0.0003-RVN-N_ind2-SF1.0-genelen1000-summary,H,major_donor,10,8,18,55.6
SNaQ-DUP0.0003-LOS0.0003-RVN-N_ind2-SF1.0-genelen1000-summary,C,hybrid_taxon,17,0,17,100.0
SNaQ-DUP0.0003-LOS0.0003-RVN-N_ind2-SF1.0-genelen1000-summary,F,major_donor,14,0,14,100.0
SNaQ-DUP0.0003-LOS0.0003-RVN-N_ind2-SF1.0-genelen1000-summary,H,hybrid_taxon,12,0,12,100.0
SNaQ-DUP0.0003-LOS0.0003-RVN-N_ind2-SF1.0-genelen1000-summary,G,hybrid_taxon,10,0,10,100.0
SNaQ-DUP0.0003-LOS0.0003-RVN-N_ind2-SF1.0-genelen1000-summary,A,hybrid_taxon,6,0,6,100.0
SNaQ-DUP0.0004-LOS0.0004-RVG-N_ind1-SF0.5-genelen1000-summary,C,major_donor,90,0,90,100.0
SNaQ-DUP0.0004-LOS0.0004-RVG-N_ind1-SF0.5-genelen1000-summary,B,major_donor,88,0,88,100.0
SNaQ-DUP0.0004-LOS0.0004-RVG-N_ind1-SF0.5-genelen1000-summary,D,major_donor,87,0,87,100.0
SNaQ-DUP0.0004-LOS0.0004-RVG-N_ind1-SF0.5-genelen1000-summary,E,major_donor,86,0,86,100.0
SNaQ-DUP0.0004-LOS0.0004-RVG-N_ind1-SF0.5-genelen1000-summary,H,hybrid_taxon,82,0,82,100.0
SNaQ-DUP0.0004-LOS0.0004-RVG-N_ind1-SF0.5-genelen1000-summary,F,major_donor,82,0,82,100.0
SNaQ-DUP0.0004-LOS0.0004-RVG-N_ind1-SF0.5-genelen1000-summary,G,hybrid_taxon,81,0,81,100.0
SNaQ-DUP0.0004-LOS0.0004-RVG-N_ind1-SF0.5-genelen1000-summary,C,minor_donor,28,0,28,100.0
SNaQ-DUP0.0004-LOS0.0004-RVG-N_ind1-SF0.5-genelen1000-summary,B,minor_donor,25,0,25,100.0
SNaQ-DUP0.0004-LOS0.0004-RVG-N_ind1-SF0.5-genelen1000-summary,D,minor_donor,23,1,24,95.8
SNaQ-DUP0.0004-LOS0.0004-RVG-N_ind1-SF0.5-genelen1000-summary,E,minor_donor,12,1,13,92.3
SNaQ-DUP0.0004-LOS0.0004-RVG-N_ind1-SF0.5-genelen1000-summary,H,minor_donor,11,0,11,100.0
SNaQ-DUP0.0004-LOS0.0004-RVG-N_ind1-SF0.5-genelen1000-summary,E,hybrid_taxon,10,0,10,100.0
SNaQ-DUP0.0004-LOS0.0004-RVG-N_ind1-SF0.5-genelen1000-summary,D,hybrid_taxon,9,0,9,100.0
SNaQ-DUP0.0004-LOS0.0004-RVG-N_ind1-SF0.5-genelen1000-summary,G,minor_donor,8,0,8,100.0
SNaQ-DUP0.0004-LOS0.0004-RVG-N_ind1-SF0.5-genelen1000-summary,B,hybrid_taxon,7,0,7,100.0
SNaQ-DUP0.0004-LOS0.0004-RVG-N_ind1-SF0.5-genelen1000-summary,C,hybrid_taxon,5,0,5,100.0
SNaQ-DUP0.0004-LOS0.0004-RVG-N_ind1-SF0.5-genelen1000-summary,G,major_donor,1,1,2,50.0
SNaQ-DUP0.0004-LOS0.0004-RVG-N_ind1-SF0.5-genelen1000-summary,F,minor_donor,2,0,2,100.0
SNaQ-DUP0.0004-LOS0.0004-RVG-N_ind1-SF0.5-genelen1000-summary,F,hybrid_taxon,0,1,1,0.0
SNaQ-DUP0.0004-LOS0.0004-RVG-N_ind1-SF0.5-genelen1000-summary,H,major_donor,0,1,1,0.0
SNaQ-DUP0.0004-LOS0.0004-RVG-N_ind1-SF1.0-genelen1000-summary,B,major_donor,57,6,63,90.5
SNaQ-DUP0.0004-LOS0.0004-RVG-N_ind1-SF1.0-genelen1000-summary,C,major_donor,57,6,63,90.5
SNaQ-DUP0.0004-LOS0.0004-RVG-N_ind1-SF1.0-genelen1000-summary,D,major_donor,52,2,54,96.3
SNaQ-DUP0.0004-LOS0.0004-RVG-N_ind1-SF1.0-genelen1000-summary,E,major_donor,51,2,53,96.2
SNaQ-DUP0.0004-LOS0.0004-RVG-N_ind1-SF1.0-genelen1000-summary,F,major_donor,45,0,45,100.0
SNaQ-DUP0.0004-LOS0.0004-RVG-N_ind1-SF1.0-genelen1000-summary,H,hybrid_taxon,44,0,44,100.0
SNaQ-DUP0.0004-LOS0.0004-RVG-N_ind1-SF1.0-genelen1000-summary,G,hybrid_taxon,42,0,42,100.0
SNaQ-DUP0.0004-LOS0.0004-RVG-N_ind1-SF1.0-genelen1000-summary,H,minor_donor,23,4,27,85.2
SNaQ-DUP0.0004-LOS0.0004-RVG-N_ind1-SF1.0-genelen1000-summary,C,minor_donor,22,4,26,84.6
SNaQ-DUP0.0004-LOS0.0004-RVG-N_ind1-SF1.0-genelen1000-summary,E,hybrid_taxon,25,0,25,100.0
SNaQ-DUP0.0004-LOS0.0004-RVG-N_ind1-SF1.0-genelen1000-summary,E,minor_donor,22,3,25,88.0
SNaQ-DUP0.0004-LOS0.0004-RVG-N_ind1-SF1.0-genelen1000-summary,D,hybrid_taxon,24,0,24,100.0
SNaQ-DUP0.0004-LOS0.0004-RVG-N_ind1-SF1.0-genelen1000-summary,B,minor_donor,18,4,22,81.8
SNaQ-DUP0.0004-LOS0.0004-RVG-N_ind1-SF1.0-genelen1000-summary,G,minor_donor,13,4,17,76.5
SNaQ-DUP0.0004-LOS0.0004-RVG-N_ind1-SF1.0-genelen1000-summary,B,hybrid_taxon,14,0,14,100.0
SNaQ-DUP0.0004-LOS0.0004-RVG-N_ind1-SF1.0-genelen1000-summary,C,hybrid_taxon,14,0,14,100.0
SNaQ-DUP0.0004-LOS0.0004-RVG-N_ind1-SF1.0-genelen1000-summary,G,major_donor,9,5,14,64.3
SNaQ-DUP0.0004-LOS0.0004-RVG-N_ind1-SF1.0-genelen1000-summary,D,minor_donor,11,3,14,78.6
SNaQ-DUP0.0004-LOS0.0004-RVG-N_ind1-SF1.0-genelen1000-summary,H,major_donor,7,5,12,58.3
SNaQ-DUP0.0004-LOS0.0004-RVG-N_ind1-SF1.0-genelen1000-summary,F,hybrid_taxon,1,9,10,10.0
SNaQ-DUP0.0004-LOS0.0004-RVG-N_ind1-SF1.0-genelen1000-summary,F,minor_donor,8,0,8,100.0
SNaQ-DUP0.0004-LOS0.0004-RVG-N_ind1-SF1.0-genelen1000-summary,A,hybrid_taxon,2,0,2,100.0
SNaQ-DUP0.0004-LOS0.0004-RVG-N_ind2-SF0.5-genelen1000-summary,D,major_donor,98,0,98,100.0
SNaQ-DUP0.0004-LOS0.0004-RVG-N_ind2-SF0.5-genelen1000-summary,E,major_donor,98,0,98,100.0
SNaQ-DUP0.0004-LOS0.0004-RVG-N_ind2-SF0.5-genelen1000-summary,B,major_donor,94,0,94,100.0
SNaQ-DUP0.0004-LOS0.0004-RVG-N_ind2-SF0.5-genelen1000-summary,C,major_donor,93,0,93,100.0
SNaQ-DUP0.0004-LOS0.0004-RVG-N_ind2-SF0.5-genelen1000-summary,G,hybrid_taxon,92,0,92,100.0
SNaQ-DUP0.0004-LOS0.0004-RVG-N_ind2-SF0.5-genelen1000-summary,H,hybrid_taxon,92,0,92,100.0
SNaQ-DUP0.0004-LOS0.0004-RVG-N_ind2-SF0.5-genelen1000-summary,F,major_donor,92,0,92,100.0
SNaQ-DUP0.0004-LOS0.0004-RVG-N_ind2-SF0.5-genelen1000-summary,B,minor_donor,30,0,30,100.0
SNaQ-DUP0.0004-LOS0.0004-RVG-N_ind2-SF0.5-genelen1000-summary,D,minor_donor,26,0,26,100.0
SNaQ-DUP0.0004-LOS0.0004-RVG-N_ind2-SF0.5-genelen1000-summary,C,minor_donor,24,0,24,100.0
SNaQ-DUP0.0004-LOS0.0004-RVG-N_ind2-SF0.5-genelen1000-summary,E,minor_donor,21,0,21,100.0
SNaQ-DUP0.0004-LOS0.0004-RVG-N_ind2-SF0.5-genelen1000-summary,G,minor_donor,8,0,8,100.0
SNaQ-DUP0.0004-LOS0.0004-RVG-N_ind2-SF0.5-genelen1000-summary,C,hybrid_taxon,7,0,7,100.0
SNaQ-DUP0.0004-LOS0.0004-RVG-N_ind2-SF0.5-genelen1000-summary,B,hybrid_taxon,6,0,6,100.0
SNaQ-DUP0.0004-LOS0.0004-RVG-N_ind2-SF0.5-genelen1000-summary,D,hybrid_taxon,1,0,1,100.0
SNaQ-DUP0.0004-LOS0.0004-RVG-N_ind2-SF0.5-genelen1000-summary,E,hybrid_taxon,1,0,1,100.0
SNaQ-DUP0.0004-LOS0.0004-RVG-N_ind2-SF0.5-genelen1000-summary,H,minor_donor,1,0,1,100.0
SNaQ-DUP0.0004-LOS0.0004-RVG-N_ind2-SF1.0-genelen1000-summary,C,major_donor,74,2,76,97.4
SNaQ-DUP0.0004-LOS0.0004-RVG-N_ind2-SF1.0-genelen1000-summary,B,major_donor,72,2,74,97.3
SNaQ-DUP0.0004-LOS0.0004-RVG-N_ind2-SF1.0-genelen1000-summary,E,major_donor,71,1,72,98.6
SNaQ-DUP0.0004-LOS0.0004-RVG-N_ind2-SF1.0-genelen1000-summary,D,major_donor,69,1,70,98.6
SNaQ-DUP0.0004-LOS0.0004-RVG-N_ind2-SF1.0-genelen1000-summary,F,major_donor,65,0,65,100.0
SNaQ-DUP0.0004-LOS0.0004-RVG-N_ind2-SF1.0-genelen1000-summary,G,hybrid_taxon,60,0,60,100.0
SNaQ-DUP0.0004-LOS0.0004-RVG-N_ind2-SF1.0-genelen1000-summary,H,hybrid_taxon,60,0,60,100.0
SNaQ-DUP0.0004-LOS0.0004-RVG-N_ind2-SF1.0-genelen1000-summary,C,minor_donor,30,2,32,93.8
SNaQ-DUP0.0004-LOS0.0004-RVG-N_ind2-SF1.0-genelen1000-summary,B,minor_donor,23,2,25,92.0
SNaQ-DUP0.0004-LOS0.0004-RVG-N_ind2-SF1.0-genelen1000-summary,D,minor_donor,21,2,23,91.3
SNaQ-DUP0.0004-LOS0.0004-RVG-N_ind2-SF1.0-genelen1000-summary,G,minor_donor,19,1,20,95.0
SNaQ-DUP0.0004-LOS0.0004-RVG-N_ind2-SF1.0-genelen1000-summary,D,hybrid_taxon,19,0,19,100.0
SNaQ-DUP0.0004-LOS0.0004-RVG-N_ind2-SF1.0-genelen1000-summary,B,hybrid_taxon,19,0,19,100.0
SNaQ-DUP0.0004-LOS0.0004-RVG-N_ind2-SF1.0-genelen1000-summary,H,minor_donor,18,1,19,94.7
SNaQ-DUP0.0004-LOS0.0004-RVG-N_ind2-SF1.0-genelen1000-summary,E,minor_donor,16,2,18,88.9
SNaQ-DUP0.0004-LOS0.0004-RVG-N_ind2-SF1.0-genelen1000-summary,E,hybrid_taxon,17,0,17,100.0
SNaQ-DUP0.0004-LOS0.0004-RVG-N_ind2-SF1.0-genelen1000-summary,C,hybrid_taxon,17,0,17,100.0
SNaQ-DUP0.0004-LOS0.0004-RVG-N_ind2-SF1.0-genelen1000-summary,F,minor_donor,11,0,11,100.0
SNaQ-DUP0.0004-LOS0.0004-RVG-N_ind2-SF1.0-genelen1000-summary,G,major_donor,3,2,5,60.0
SNaQ-DUP0.0004-LOS0.0004-RVG-N_ind2-SF1.0-genelen1000-summary,H,major_donor,3,2,5,60.0
SNaQ-DUP0.0004-LOS0.0004-RVG-N_ind2-SF1.0-genelen1000-summary,F,hybrid_taxon,1,3,4,25.0
SNaQ-DUP0.0004-LOS0.0004-RVL-N_ind1-SF0.5-genelen1000-summary,B,major_donor,42,17,59,71.2
SNaQ-DUP0.0004-LOS0.0004-RVL-N_ind1-SF0.5-genelen1000-summary,C,major_donor,40,17,57,70.2
SNaQ-DUP0.0004-LOS0.0004-RVL-N_ind1-SF0.5-genelen1000-summary,G,minor_donor,29,22,51,56.9
SNaQ-DUP0.0004-LOS0.0004-RVL-N_ind1-SF0.5-genelen1000-summary,H,minor_donor,26,22,48,54.2
SNaQ-DUP0.0004-LOS0.0004-RVL-N_ind1-SF0.5-genelen1000-summary,B,minor_donor,32,11,43,74.4
SNaQ-DUP0.0004-LOS0.0004-RVL-N_ind1-SF0.5-genelen1000-summary,C,minor_donor,30,11,41,73.2
SNaQ-DUP0.0004-LOS0.0004-RVL-N_ind1-SF0.5-genelen1000-summary,E,major_donor,35,5,40,87.5
SNaQ-DUP0.0004-LOS0.0004-RVL-N_ind1-SF0.5-genelen1000-summary,F,hybrid_taxon,14,22,36,38.9
SNaQ-DUP0.0004-LOS0.0004-RVL-N_ind1-SF0.5-genelen1000-summary,D,major_donor,30,5,35,85.7
SNaQ-DUP0.0004-LOS0.0004-RVL-N_ind1-SF0.5-genelen1000-summary,D,minor_donor,19,11,30,63.3
SNaQ-DUP0.0004-LOS0.0004-RVL-N_ind1-SF0.5-genelen1000-summary,E,minor_donor,18,11,29,62.1
SNaQ-DUP0.0004-LOS0.0004-RVL-N_ind1-SF0.5-genelen1000-summary,D,hybrid_taxon,27,0,27,100.0
SNaQ-DUP0.0004-LOS0.0004-RVL-N_ind1-SF0.5-genelen1000-summary,E,hybrid_taxon,22,0,22,100.0
SNaQ-DUP0.0004-LOS0.0004-RVL-N_ind1-SF0.5-genelen1000-summary,C,hybrid_taxon,20,0,20,100.0
SNaQ-DUP0.0004-LOS0.0004-RVL-N_ind1-SF0.5-genelen1000-summary,B,hybrid_taxon,18,0,18,100.0
SNaQ-DUP0.0004-LOS0.0004-RVL-N_ind1-SF0.5-genelen1000-summary,F,minor_donor,16,0,16,100.0
SNaQ-DUP0.0004-LOS0.0004-RVL-N_ind1-SF0.5-genelen1000-summary,F,major_donor,15,0,15,100.0
SNaQ-DUP0.0004-LOS0.0004-RVL-N_ind1-SF0.5-genelen1000-summary,H,hybrid_taxon,12,0,12,100.0
SNaQ-DUP0.0004-LOS0.0004-RVL-N_ind1-SF0.5-genelen1000-summary,G,major_donor,8,0,8,100.0
SNaQ-DUP0.0004-LOS0.0004-RVL-N_ind1-SF0.5-genelen1000-summary,G,hybrid_taxon,7,0,7,100.0
SNaQ-DUP0.0004-LOS0.0004-RVL-N_ind1-SF0.5-genelen1000-summary,A,hybrid_taxon,3,0,3,100.0
SNaQ-DUP0.0004-LOS0.0004-RVL-N_ind1-SF0.5-genelen1000-summary,H,major_donor,3,0,3,100.0
SNaQ-DUP0.0004-LOS0.0004-RVL-N_ind1-SF1.0-genelen1000-summary,C,major_donor,34,7,41,82.9
SNaQ-DUP0.0004-LOS0.0004-RVL-N_ind1-SF1.0-genelen1000-summary,H,minor_donor,34,7,41,82.9
SNaQ-DUP0.0004-LOS0.0004-RVL-N_ind1-SF1.0-genelen1000-summary,B,major_donor,32,7,39,82.1
SNaQ-DUP0.0004-LOS0.0004-RVL-N_ind1-SF1.0-genelen1000-summary,G,minor_donor,32,7,39,82.1
SNaQ-DUP0.0004-LOS0.0004-RVL-N_ind1-SF1.0-genelen1000-summary,E,major_donor,29,8,37,78.4
SNaQ-DUP0.0004-LOS0.0004-RVL-N_ind1-SF1.0-genelen1000-summary,D,major_donor,28,8,36,77.8
SNaQ-DUP0.0004-LOS0.0004-RVL-N_ind1-SF1.0-genelen1000-summary,D,minor_donor,29,6,35,82.9
SNaQ-DUP0.0004-LOS0.0004-RVL-N_ind1-SF1.0-genelen1000-summary,E,minor_donor,27,6,33,81.8
SNaQ-DUP0.0004-LOS0.0004-RVL-N_ind1-SF1.0-genelen1000-summary,C,minor_donor,20,9,29,69.0
SNaQ-DUP0.0004-LOS0.0004-RVL-N_ind1-SF1.0-genelen1000-summary,F,minor_donor,29,0,29,100.0
SNaQ-DUP0.0004-LOS0.0004-RVL-N_ind1-SF1.0-genelen1000-summary,D,hybrid_taxon,28,0,28,100.0
SNaQ-DUP0.0004-LOS0.0004-RVL-N_ind1-SF1.0-genelen1000-summary,B,minor_donor,19,9,28,67.9
SNaQ-DUP0.0004-LOS0.0004-RVL-N_ind1-SF1.0-genelen1000-summary,B,hybrid_taxon,27,0,27,100.0
SNaQ-DUP0.0004-LOS0.0004-RVL-N_ind1-SF1.0-genelen1000-summary,E,hybrid_taxon,27,0,27,100.0
SNaQ-DUP0.0004-LOS0.0004-RVL-N_ind1-SF1.0-genelen1000-summary,C,hybrid_taxon,25,0,25,100.0
SNaQ-DUP0.0004-LOS0.0004-RVL-N_ind1-SF1.0-genelen1000-summary,F,major_donor,17,0,17,100.0
SNaQ-DUP0.0004-LOS0.0004-RVL-N_ind1-SF1.0-genelen1000-summary,H,major_donor,11,5,16,68.8
SNaQ-DUP0.0004-LOS0.0004-RVL-N_ind1-SF1.0-genelen1000-summary,F,hybrid_taxon,2,12,14,14.3
SNaQ-DUP0.0004-LOS0.0004-RVL-N_ind1-SF1.0-genelen1000-summary,G,hybrid_taxon,14,0,14,100.0
SNaQ-DUP0.0004-LOS0.0004-RVL-N_ind1-SF1.0-genelen1000-summary,G,major_donor,9,5,14,64.3
SNaQ-DUP0.0004-LOS0.0004-RVL-N_ind1-SF1.0-genelen1000-summary,H,hybrid_taxon,12,0,12,100.0
SNaQ-DUP0.0004-LOS0.0004-RVL-N_ind1-SF1.0-genelen1000-summary,A,hybrid_taxon,2,0,2,100.0
SNaQ-DUP0.0004-LOS0.0004-RVL-N_ind2-SF0.5-genelen1000-summary,B,major_donor,48,10,58,82.8
SNaQ-DUP0.0004-LOS0.0004-RVL-N_ind2-SF0.5-genelen1000-summary,D,major_donor,42,10,52,80.8
SNaQ-DUP0.0004-LOS0.0004-RVL-N_ind2-SF0.5-genelen1000-summary,E,major_donor,42,10,52,80.8
SNaQ-DUP0.0004-LOS0.0004-RVL-N_ind2-SF0.5-genelen1000-summary,C,major_donor,41,10,51,80.4
SNaQ-DUP0.0004-LOS0.0004-RVL-N_ind2-SF0.5-genelen1000-summary,E,minor_donor,35,10,45,77.8
SNaQ-DUP0.0004-LOS0.0004-RVL-N_ind2-SF0.5-genelen1000-summary,D,minor_donor,34,10,44,77.3
SNaQ-DUP0.0004-LOS0.0004-RVL-N_ind2-SF0.5-genelen1000-summary,G,minor_donor,23,18,41,56.1
SNaQ-DUP0.0004-LOS0.0004-RVL-N_ind2-SF0.5-genelen1000-summary,H,minor_donor,23,18,41,56.1
SNaQ-DUP0.0004-LOS0.0004-RVL-N_ind2-SF0.5-genelen1000-summary,B,minor_donor,30,11,41,73.2
SNaQ-DUP0.0004-LOS0.0004-RVL-N_ind2-SF0.5-genelen1000-summary,C,minor_donor,27,11,38,71.1
SNaQ-DUP0.0004-LOS0.0004-RVL-N_ind2-SF0.5-genelen1000-summary,F,hybrid_taxon,12,21,33,36.4
SNaQ-DUP0.0004-LOS0.0004-RVL-N_ind2-SF0.5-genelen1000-summary,F,major_donor,28,0,28,100.0
SNaQ-DUP0.0004-LOS0.0004-RVL-N_ind2-SF0.5-genelen1000-summary,F,minor_donor,25,0,25,100.0
SNaQ-DUP0.0004-LOS0.0004-RVL-N_ind2-SF0.5-genelen1000-summary,C,hybrid_taxon,21,0,21,100.0
SNaQ-DUP0.0004-LOS0.0004-RVL-N_ind2-SF0.5-genelen1000-summary,H,hybrid_taxon,20,0,20,100.0
SNaQ-DUP0.0004-LOS0.0004-RVL-N_ind2-SF0.5-genelen1000-summary,D,hybrid_taxon,18,0,18,100.0
SNaQ-DUP0.0004-LOS0.0004-RVL-N_ind2-SF0.5-genelen1000-summary,E,hybrid_taxon,18,0,18,100.0
SNaQ-DUP0.0004-LOS0.0004-RVL-N_ind2-SF0.5-genelen1000-summary,G,hybrid_taxon,16,0,16,100.0
SNaQ-DUP0.0004-LOS0.0004-RVL-N_ind2-SF0.5-genelen1000-summary,G,major_donor,12,3,15,80.0
SNaQ-DUP0.0004-LOS0.0004-RVL-N_ind2-SF0.5-genelen1000-summary,B,hybrid_taxon,14,0,14,100.0
SNaQ-DUP0.0004-LOS0.0004-RVL-N_ind2-SF0.5-genelen1000-summary,A,hybrid_taxon,12,0,12,100.0
SNaQ-DUP0.0004-LOS0.0004-RVL-N_ind2-SF0.5-genelen1000-summary,H,major_donor,8,3,11,72.7
SNaQ-DUP0.0004-LOS0.0004-RVL-N_ind2-SF1.0-genelen1000-summary,G,minor_donor,29,18,47,61.7
SNaQ-DUP0.0004-LOS0.0004-RVL-N_ind2-SF1.0-genelen1000-summary,H,minor_donor,29,18,47,61.7
SNaQ-DUP0.0004-LOS0.0004-RVL-N_ind2-SF1.0-genelen1000-summary,C,major_donor,30,12,42,71.4
SNaQ-DUP0.0004-LOS0.0004-RVL-N_ind2-SF1.0-genelen1000-summary,E,major_donor,32,10,42,76.2
SNaQ-DUP0.0004-LOS0.0004-RVL-N_ind2-SF1.0-genelen1000-summary,B,major_donor,28,12,40,70.0
SNaQ-DUP0.0004-LOS0.0004-RVL-N_ind2-SF1.0-genelen1000-summary,D,major_donor,30,10,40,75.0
SNaQ-DUP0.0004-LOS0.0004-RVL-N_ind2-SF1.0-genelen1000-summary,C,minor_donor,26,13,39,66.7
SNaQ-DUP0.0004-LOS0.0004-RVL-N_ind2-SF1.0-genelen1000-summary,B,minor_donor,25,13,38,65.8
SNaQ-DUP0.0004-LOS0.0004-RVL-N_ind2-SF1.0-genelen1000-summary,B,hybrid_taxon,30,0,30,100.0
SNaQ-DUP0.0004-LOS0.0004-RVL-N_ind2-SF1.0-genelen1000-summary,C,hybrid_taxon,28,0,28,100.0
SNaQ-DUP0.0004-LOS0.0004-RVL-N_ind2-SF1.0-genelen1000-summary,E,minor_donor,18,7,25,72.0
SNaQ-DUP0.0004-LOS0.0004-RVL-N_ind2-SF1.0-genelen1000-summary,F,hybrid_taxon,0,24,24,0.0
SNaQ-DUP0.0004-LOS0.0004-RVL-N_ind2-SF1.0-genelen1000-summary,D,hybrid_taxon,23,0,23,100.0
SNaQ-DUP0.0004-LOS0.0004-RVL-N_ind2-SF1.0-genelen1000-summary,D,minor_donor,15,7,22,68.2
SNaQ-DUP0.0004-LOS0.0004-RVL-N_ind2-SF1.0-genelen1000-summary,E,hybrid_taxon,21,0,21,100.0
SNaQ-DUP0.0004-LOS0.0004-RVL-N_ind2-SF1.0-genelen1000-summary,F,major_donor,18,0,18,100.0
SNaQ-DUP0.0004-LOS0.0004-RVL-N_ind2-SF1.0-genelen1000-summary,F,minor_donor,16,0,16,100.0
SNaQ-DUP0.0004-LOS0.0004-RVL-N_ind2-SF1.0-genelen1000-summary,G,major_donor,7,6,13,53.8
SNaQ-DUP0.0004-LOS0.0004-RVL-N_ind2-SF1.0-genelen1000-summary,H,hybrid_taxon,11,0,11,100.0
SNaQ-DUP0.0004-LOS0.0004-RVL-N_ind2-SF1.0-genelen1000-summary,H,major_donor,5,6,11,45.5
SNaQ-DUP0.0004-LOS0.0004-RVL-N_ind2-SF1.0-genelen1000-summary,G,hybrid_taxon,9,0,9,100.0
SNaQ-DUP0.0004-LOS0.0004-RVL-N_ind2-SF1.0-genelen1000-summary,A,hybrid_taxon,2,0,2,100.0
SNaQ-DUP0.0004-LOS0.0004-RVN-N_ind1-SF0.5-genelen1000-summary,E,major_donor,42,9,51,82.4
SNaQ-DUP0.0004-LOS0.0004-RVN-N_ind1-SF0.5-genelen1000-summary,C,major_donor,44,5,49,89.8
SNaQ-DUP0.0004-LOS0.0004-RVN-N_ind1-SF0.5-genelen1000-summary,B,major_donor,43,5,48,89.6
SNaQ-DUP0.0004-LOS0.0004-RVN-N_ind1-SF0.5-genelen1000-summary,D,major_donor,36,9,45,80.0
SNaQ-DUP0.0004-LOS0.0004-RVN-N_ind1-SF0.5-genelen1000-summary,G,minor_donor,39,6,45,86.7
SNaQ-DUP0.0004-LOS0.0004-RVN-N_ind1-SF0.5-genelen1000-summary,H,minor_donor,39,6,45,86.7
SNaQ-DUP0.0004-LOS0.0004-RVN-N_ind1-SF0.5-genelen1000-summary,B,minor_donor,29,12,41,70.7
SNaQ-DUP0.0004-LOS0.0004-RVN-N_ind1-SF0.5-genelen1000-summary,C,minor_donor,29,12,41,70.7
SNaQ-DUP0.0004-LOS0.0004-RVN-N_ind1-SF0.5-genelen1000-summary,F,hybrid_taxon,13,19,32,40.6
SNaQ-DUP0.0004-LOS0.0004-RVN-N_ind1-SF0.5-genelen1000-summary,D,minor_donor,22,7,29,75.9
SNaQ-DUP0.0004-LOS0.0004-RVN-N_ind1-SF0.5-genelen1000-summary,E,minor_donor,21,7,28,75.0
SNaQ-DUP0.0004-LOS0.0004-RVN-N_ind1-SF0.5-genelen1000-summary,F,minor_donor,26,0,26,100.0
SNaQ-DUP0.0004-LOS0.0004-RVN-N_ind1-SF0.5-genelen1000-summary,D,hybrid_taxon,25,0,25,100.0
SNaQ-DUP0.0004-LOS0.0004-RVN-N_ind1-SF0.5-genelen1000-summary,G,major_donor,12,13,25,48.0
SNaQ-DUP0.0004-LOS0.0004-RVN-N_ind1-SF0.5-genelen1000-summary,H,major_donor,12,13,25,48.0
SNaQ-DUP0.0004-LOS0.0004-RVN-N_ind1-SF0.5-genelen1000-summary,E,hybrid_taxon,19,0,19,100.0
SNaQ-DUP0.0004-LOS0.0004-RVN-N_ind1-SF0.5-genelen1000-summary,B,hybrid_taxon,18,0,18,100.0
SNaQ-DUP0.0004-LOS0.0004-RVN-N_ind1-SF0.5-genelen1000-summary,C,hybrid_taxon,17,0,17,100.0
SNaQ-DUP0.0004-LOS0.0004-RVN-N_ind1-SF0.5-genelen1000-summary,F,major_donor,16,0,16,100.0
SNaQ-DUP0.0004-LOS0.0004-RVN-N_ind1-SF0.5-genelen1000-summary,H,hybrid_taxon,11,0,11,100.0
SNaQ-DUP0.0004-LOS0.0004-RVN-N_ind1-SF0.5-genelen1000-summary,G,hybrid_taxon,11,0,11,100.0
SNaQ-DUP0.0004-LOS0.0004-RVN-N_ind1-SF0.5-genelen1000-summary,A,hybrid_taxon,7,0,7,100.0
SNaQ-DUP0.0004-LOS0.0004-RVN-N_ind1-SF1.0-genelen1000-summary,G,minor_donor,37,10,47,78.7
SNaQ-DUP0.0004-LOS0.0004-RVN-N_ind1-SF1.0-genelen1000-summary,H,minor_donor,36,10,46,78.3
SNaQ-DUP0.0004-LOS0.0004-RVN-N_ind1-SF1.0-genelen1000-summary,D,major_donor,32,12,44,72.7
SNaQ-DUP0.0004-LOS0.0004-RVN-N_ind1-SF1.0-genelen1000-summary,E,major_donor,30,12,42,71.4
SNaQ-DUP0.0004-LOS0.0004-RVN-N_ind1-SF1.0-genelen1000-summary,B,major_donor,28,10,38,73.7
SNaQ-DUP0.0004-LOS0.0004-RVN-N_ind1-SF1.0-genelen1000-summary,C,major_donor,25,10,35,71.4
SNaQ-DUP0.0004-LOS0.0004-RVN-N_ind1-SF1.0-genelen1000-summary,D,minor_donor,19,11,30,63.3
SNaQ-DUP0.0004-LOS0.0004-RVN-N_ind1-SF1.0-genelen1000-summary,C,minor_donor,19,11,30,63.3
SNaQ-DUP0.0004-LOS0.0004-RVN-N_ind1-SF1.0-genelen1000-summary,E,minor_donor,17,11,28,60.7
SNaQ-DUP0.0004-LOS0.0004-RVN-N_ind1-SF1.0-genelen1000-summary,F,minor_donor,27,0,27,100.0
SNaQ-DUP0.0004-LOS0.0004-RVN-N_ind1-SF1.0-genelen1000-summary,B,minor_donor,16,11,27,59.3
SNaQ-DUP0.0004-LOS0.0004-RVN-N_ind1-SF1.0-genelen1000-summary,C,hybrid_taxon,26,0,26,100.0
SNaQ-DUP0.0004-LOS0.0004-RVN-N_ind1-SF1.0-genelen1000-summary,F,hybrid_taxon,1,22,23,4.3
SNaQ-DUP0.0004-LOS0.0004-RVN-N_ind1-SF1.0-genelen1000-summary,B,hybrid_taxon,23,0,23,100.0
SNaQ-DUP0.0004-LOS0.0004-RVN-N_ind1-SF1.0-genelen1000-summary,H,major_donor,10,12,22,45.5
SNaQ-DUP0.0004-LOS0.0004-RVN-N_ind1-SF1.0-genelen1000-summary,E,hybrid_taxon,19,0,19,100.0
SNaQ-DUP0.0004-LOS0.0004-RVN-N_ind1-SF1.0-genelen1000-summary,G,major_donor,7,12,19,36.8
SNaQ-DUP0.0004-LOS0.0004-RVN-N_ind1-SF1.0-genelen1000-summary,D,hybrid_taxon,17,0,17,100.0
SNaQ-DUP0.0004-LOS0.0004-RVN-N_ind1-SF1.0-genelen1000-summary,G,hybrid_taxon,11,0,11,100.0
SNaQ-DUP0.0004-LOS0.0004-RVN-N_ind1-SF1.0-genelen1000-summary,H,hybrid_taxon,8,0,8,100.0
SNaQ-DUP0.0004-LOS0.0004-RVN-N_ind1-SF1.0-genelen1000-summary,F,major_donor,8,0,8,100.0
SNaQ-DUP0.0004-LOS0.0004-RVN-N_ind1-SF1.0-genelen1000-summary,A,hybrid_taxon,3,0,3,100.0
SNaQ-DUP0.0004-LOS0.0004-RVN-N_ind2-SF0.5-genelen1000-summary,H,minor_donor,40,6,46,87.0
SNaQ-DUP0.0004-LOS0.0004-RVN-N_ind2-SF0.5-genelen1000-summary,B,major_donor,37,7,44,84.1
SNaQ-DUP0.0004-LOS0.0004-RVN-N_ind2-SF0.5-genelen1000-summary,D,minor_donor,30,13,43,69.8
SNaQ-DUP0.0004-LOS0.0004-RVN-N_ind2-SF0.5-genelen1000-summary,E,minor_donor,30,13,43,69.8
SNaQ-DUP0.0004-LOS0.0004-RVN-N_ind2-SF0.5-genelen1000-summary,G,minor_donor,37,6,43,86.0
SNaQ-DUP0.0004-LOS0.0004-RVN-N_ind2-SF0.5-genelen1000-summary,E,major_donor,32,9,41,78.0
SNaQ-DUP0.0004-LOS0.0004-RVN-N_ind2-SF0.5-genelen1000-summary,D,major_donor,30,9,39,76.9
SNaQ-DUP0.0004-LOS0.0004-RVN-N_ind2-SF0.5-genelen1000-summary,C,major_donor,31,7,38,81.6
SNaQ-DUP0.0004-LOS0.0004-RVN-N_ind2-SF0.5-genelen1000-summary,F,minor_donor,36,0,36,100.0
SNaQ-DUP0.0004-LOS0.0004-RVN-N_ind2-SF0.5-genelen1000-summary,B,minor_donor,25,7,32,78.1
SNaQ-DUP0.0004-LOS0.0004-RVN-N_ind2-SF0.5-genelen1000-summary,C,hybrid_taxon,31,0,31,100.0
SNaQ-DUP0.0004-LOS0.0004-RVN-N_ind2-SF0.5-genelen1000-summary,C,minor_donor,20,7,27,74.1
SNaQ-DUP0.0004-LOS0.0004-RVN-N_ind2-SF0.5-genelen1000-summary,B,hybrid_taxon,25,0,25,100.0
SNaQ-DUP0.0004-LOS0.0004-RVN-N_ind2-SF0.5-genelen1000-summary,D,hybrid_taxon,24,0,24,100.0
SNaQ-DUP0.0004-LOS0.0004-RVN-N_ind2-SF0.5-genelen1000-summary,H,major_donor,14,10,24,58.3
SNaQ-DUP0.0004-LOS0.0004-RVN-N_ind2-SF0.5-genelen1000-summary,E,hybrid_taxon,22,0,22,100.0
SNaQ-DUP0.0004-LOS0.0004-RVN-N_ind2-SF0.5-genelen1000-summary,F,hybrid_taxon,4,16,20,20.0
SNaQ-DUP0.0004-LOS0.0004-RVN-N_ind2-SF0.5-genelen1000-summary,G,major_donor,10,10,20,50.0
SNaQ-DUP0.0004-LOS0.0004-RVN-N_ind2-SF0.5-genelen1000-summary,F,major_donor,17,0,17,100.0
SNaQ-DUP0.0004-LOS0.0004-RVN-N_ind2-SF0.5-genelen1000-summary,G,hybrid_taxon,14,0,14,100.0
SNaQ-DUP0.0004-LOS0.0004-RVN-N_ind2-SF0.5-genelen1000-summary,H,hybrid_taxon,10,0,10,100.0
SNaQ-DUP0.0004-LOS0.0004-RVN-N_ind2-SF0.5-genelen1000-summary,A,hybrid_taxon,3,0,3,100.0
SNaQ-DUP0.0004-LOS0.0004-RVN-N_ind2-SF1.0-genelen1000-summary,B,major_donor,51,7,58,87.9
SNaQ-DUP0.0004-LOS0.0004-RVN-N_ind2-SF1.0-genelen1000-summary,C,major_donor,49,7,56,87.5
SNaQ-DUP0.0004-LOS0.0004-RVN-N_ind2-SF1.0-genelen1000-summary,G,minor_donor,44,5,49,89.8
SNaQ-DUP0.0004-LOS0.0004-RVN-N_ind2-SF1.0-genelen1000-summary,H,minor_donor,43,5,48,89.6
SNaQ-DUP0.0004-LOS0.0004-RVN-N_ind2-SF1.0-genelen1000-summary,D,major_donor,40,6,46,87.0
SNaQ-DUP0.0004-LOS0.0004-RVN-N_ind2-SF1.0-genelen1000-summary,E,major_donor,39,6,45,86.7
SNaQ-DUP0.0004-LOS0.0004-RVN-N_ind2-SF1.0-genelen1000-summary,F,minor_donor,35,0,35,100.0
SNaQ-DUP0.0004-LOS0.0004-RVN-N_ind2-SF1.0-genelen1000-summary,E,minor_donor,25,4,29,86.2
SNaQ-DUP0.0004-LOS0.0004-RVN-N_ind2-SF1.0-genelen1000-summary,C,hybrid_taxon,28,0,28,100.0
SNaQ-DUP0.0004-LOS0.0004-RVN-N_ind2-SF1.0-genelen1000-summary,B,minor_donor,23,5,28,82.1
SNaQ-DUP0.0004-LOS0.0004-RVN-N_ind2-SF1.0-genelen1000-summary,C,minor_donor,23,5,28,82.1
SNaQ-DUP0.0004-LOS0.0004-RVN-N_ind2-SF1.0-genelen1000-summary,E,hybrid_taxon,27,0,27,100.0
SNaQ-DUP0.0004-LOS0.0004-RVN-N_ind2-SF1.0-genelen1000-summary,B,hybrid_taxon,26,0,26,100.0
SNaQ-DUP0.0004-LOS0.0004-RVN-N_ind2-SF1.0-genelen1000-summary,D,hybrid_taxon,26,0,26,100.0
SNaQ-DUP0.0004-LOS0.0004-RVN-N_ind2-SF1.0-genelen1000-summary,D,minor_donor,22,4,26,84.6
SNaQ-DUP0.0004-LOS0.0004-RVN-N_ind2-SF1.0-genelen1000-summary,F,hybrid_taxon,6,14,20,30.0
SNaQ-DUP0.0004-LOS0.0004-RVN-N_ind2-SF1.0-genelen1000-summary,G,major_donor,8,9,17,47.1
SNaQ-DUP0.0004-LOS0.0004-RVN-N_ind2-SF1.0-genelen1000-summary,H,major_donor,8,9,17,47.1
SNaQ-DUP0.0004-LOS0.0004-RVN-N_ind2-SF1.0-genelen1000-summary,F,major_donor,16,0,16,100.0
SNaQ-DUP0.0004-LOS0.0004-RVN-N_ind2-SF1.0-genelen1000-summary,G,hybrid_taxon,9,0,9,100.0
SNaQ-DUP0.0004-LOS0.0004-RVN-N_ind2-SF1.0-genelen1000-summary,H,hybrid_taxon,9,0,9,100.0
SNaQ-DUP0.0004-LOS0.0004-RVN-N_ind2-SF1.0-genelen1000-summary,A,hybrid_taxon,8,0,8,100.0
